{"CCM EYE With Shortcut, Alpha=0.01, Shift=1": {"epochs": [1, 2, 3, 4, 5, 6, 7, 8, 9, 10, 11, 12, 13, 14, 15, 16, 17, 18, 19, 20, 21, 22, 23, 24, 25, 26, 27, 28, 29, 30, 31, 32, 33, 34, 35, 36, 37, 38, 39, 40, 41, 42, 43, 44, 45, 46, 47, 48, 49, 50], "train_losses": [1.4774160869419575, 1.1221617981791496, 0.9345965050160885, 0.7835371848195791, 0.6568278409540653, 0.5598187707364559, 0.487931570969522, 0.4457516325637698, 0.403378302231431, 0.3684389088302851, 0.3394425241276622, 0.3170198732987046, 0.30282423039898276, 0.2849437245167792, 0.2758082910440862, 0.2632594215683639, 0.25569531600922346, 0.24997100979089737, 0.24739164439961314, 0.24233845435082912, 0.24176129465922713, 0.24001521104946733, 0.23854818800464272, 0.23358612414449453, 0.23284310661256313, 0.22909213928505778, 0.2303051552735269, 0.2269807425327599, 0.22854718705639243, 0.22312043653801084, 0.224972955416888, 0.22394475992769003, 0.2259363611228764, 0.22443533269688487, 0.22571691824123263, 0.2225494422018528, 0.21878467965871096, 0.22382734529674053, 0.22068480122834444, 0.22085962677374482, 0.22139154793694615, 0.21675563417375088, 0.2168524768203497, 0.2177079119719565, 0.21957865543663502, 0.22353916242718697, 0.21786361513659358, 0.21706518717110157, 0.21881072456017137, 0.21502397395670414], "test_losses": [0.8644399959594011, 0.7815441880375147, 0.7995341289788485, 0.7835034169256687, 0.8404381778091192, 0.8409153968095779, 0.7906953189522028, 0.7707289736717939, 0.7779786866158247, 0.7379037532955408, 0.8040297571569681, 0.8164481818675995, 0.7708864789456129, 0.7154762018471956, 0.7723123114556074, 0.8511841539293528, 0.7782819513231516, 0.8491911515593529, 0.8665570393204689, 0.8226047977805138, 0.7731186971068382, 0.7962907291948795, 0.7948112320154905, 0.7417384684085846, 0.7053602654486895, 0.7600443251430988, 0.7544605899602175, 0.7808327153325081, 0.8069480750709772, 0.7602733541280031, 0.750302467495203, 0.8440879434347153, 0.7927423100918531, 0.7610867321491241, 0.7875972427427769, 0.755061000585556, 0.7796971686184406, 0.756906570866704, 0.732291754335165, 0.7324577569961548, 0.8035684321075678, 0.8071903549134731, 0.8519129958003759, 0.8928668536245823, 0.8809152580797672, 0.8413308821618557, 0.8267204035073519, 0.8160404395312071, 0.8005243446677923, 0.8124603517353535]}}