{"CCM EYE With Shortcut, Alpha=0.01, Shift=0": {"epochs": [1, 2, 3, 4, 5, 6, 7, 8, 9, 10, 11, 12, 13, 14, 15, 16, 17, 18, 19, 20, 21, 22, 23, 24, 25, 26, 27, 28, 29, 30, 31, 32, 33, 34, 35, 36, 37, 38, 39, 40, 41, 42, 43, 44, 45, 46, 47, 48, 49, 50], "train_losses": [1.94942095130682, 1.294410366564989, 1.0254458095878363, 0.8614192940294743, 0.7374463528394699, 0.6424483601003885, 0.5717212725430727, 0.527274576947093, 0.48952565249055624, 0.4624248528853059, 0.43168219830840826, 0.40463330689817667, 0.38106013368815184, 0.3677814081311226, 0.3498601820319891, 0.33496281784027815, 0.32450311817228794, 0.3158803805708885, 0.3067984329536557, 0.30077803088352084, 0.29513255739584565, 0.2853417410515249, 0.28102235635742545, 0.28030825685709715, 0.2754910816438496, 0.2761820172891021, 0.2708339523524046, 0.2656224211677909, 0.2684646681882441, 0.2623370969668031, 0.26083810767158866, 0.25957367243245244, 0.25830350862815976, 0.26435402082279325, 0.2562839137390256, 0.25402127346023917, 0.2621139627881348, 0.25736094592139125, 0.25408270861953497, 0.25036068446934223, 0.2535157990641892, 0.24944032402709126, 0.2447164230979979, 0.24999277107417583, 0.24870600271970034, 0.24406801909208298, 0.24719057697802782, 0.24569501355290413, 0.24714141711592674, 0.2406301130540669], "test_losses": [0.20785602601245046, 0.6077799964696169, 0.5078698499128222, 0.5387933468446136, 0.4663304630666971, 0.5580154787749052, 0.5054399780929089, 0.5037909150123596, 0.518840310163796, 0.5210906099528074, 0.5121272895485163, 0.5274009788408875, 0.5907412692904472, 0.5452929446473718, 0.4960159454494715, 0.49985801707953215, 0.4823727887123823, 0.5391552252694964, 0.5168141797184944, 0.4687356296926737, 0.6120530664920807, 0.6600922867655754, 0.5283733690157533, 0.5285819256678224, 0.625296420417726, 0.5452858032658696, 0.5897377291694283, 0.5171065386384726, 0.6229355735704303, 0.5626342538744211, 0.523811281658709, 0.520518540404737, 0.6355384234338999, 0.4986194558441639, 0.5653108777478337, 0.8109248299151659, 0.5772305903956294, 0.5396492034196854, 0.5571181289851665, 0.6430279072374105, 0.5946573046967387, 0.548139481805265, 0.6240297704935074, 0.5737404255196452, 0.5418094117194414, 0.560445356182754, 0.6575345117598772, 0.630255239084363, 0.5317611834034324, 0.5618379851803184]}}