{"CBM Without Shortcut, Alpha=0.1 - Train": {"epochs": [1, 2, 3, 4, 5, 6, 7, 8, 9, 10], "losses": [0.6195750162005424, 0.6229954157024622, 0.6228483719751239, 0.6163997845724225, 0.6155081829056144, 0.6207312699407339, 0.6217748951166868, 0.6157357161864638, 0.6222684280946851, 0.618324932642281]}, "CBM Without Shortcut, Alpha=0.1 - Test": {"epochs": [1, 2, 3, 4, 5, 6, 7, 8, 9, 10], "losses": [0.6061766403062003, 0.661498657294682, 0.6421378765787397, 0.6279512388365609, 0.6434535469327655, 0.625313035079411, 0.5897794621331351, 0.6415384837559291, 0.6209232040813991, 0.6220211046082633]}, "CBM With Shortcut, Alpha=0.1 - Train": {"epochs": [1, 2, 3, 4, 5, 6, 7, 8, 9, 10], "losses": [0.21172827808186412, 0.21087169460952282, 0.21239992836490273, 0.20961905410513282, 0.21131128817796707, 0.21232540346682072, 0.2087398529984057, 0.21047347597777843, 0.20871268305927515, 0.21110733691602945]}, "CBM With Shortcut, Alpha=0.1 - Test": {"epochs": [1, 2, 3, 4, 5, 6, 7, 8, 9, 10], "losses": [0.63273971421378, 0.6392057154859815, 0.6484242337090629, 0.6704419425555638, 0.6693456768989563, 0.6821157421384539, 0.6521302206175668, 0.649126546723502, 0.6726808377674648, 0.652553413595472]}, "CCM Without Shortcut, Alpha=0.1 - Train": {"epochs": [1, 2, 3, 4, 5, 6, 7, 8, 9, 10], "losses": [0.9383501149713993, 0.7673567049205303, 0.6617524530738592, 0.5870335437357426, 0.5223869234323502, 0.4732184838503599, 0.43353157211095095, 0.39802599139511585, 0.36608706694096327, 0.3473479151725769]}, "CCM Without Shortcut, Alpha=0.1 - Test": {"epochs": [1, 2, 3, 4, 5, 6, 7, 8, 9, 10], "losses": [0.22523274166243418, 0.21755992088999068, 0.21979291311332158, 0.22496485710144043, 0.23027543723583221, 0.21700033758367812, 0.22302410432270595, 0.23203824673380172, 0.22990993516785757, 0.24414616610322679]}, "CCM With Shortcut, Alpha=0.1 - Train": {"epochs": [1, 2, 3, 4, 5, 6, 7, 8, 9, 10], "losses": [0.4747065370902419, 0.4093672214075923, 0.3918066034093499, 0.38358877785503864, 0.37421729508787394, 0.37242381554096937, 0.3713754052296281, 0.36429156363010406, 0.3614738741889596, 0.35532774357125163]}, "CCM With Shortcut, Alpha=0.1 - Test": {"epochs": [1, 2, 3, 4, 5, 6, 7, 8, 9, 10], "losses": [0.39528667075293406, 0.48116864051137653, 0.4883071652480534, 0.46242167694228037, 0.5335360510008675, 0.4381819154535021, 0.46455139773232595, 0.4571389215333121, 0.4366501271724701, 0.5677690165383475]}}