{"CBM Without Shortcut, Alpha=0.001, Shift=5": {"epochs": [1, 2, 3, 4, 5, 6, 7, 8, 9, 10], "train_losses": [0.48926488868892193, 0.49055128637701273, 0.4885746203362942, 0.4852837501093745, 0.489051946438849, 0.4835224859416485, 0.48958722688257694, 0.49041762575507164, 0.48907645139843225, 0.4825273836031556], "test_losses": [0.5332585042342544, 0.5416196594014764, 0.543666566722095, 0.5377707369625568, 0.5482440954074264, 0.5453096376731992, 0.5389565723016858, 0.5461607333272696, 0.5352330710738897, 0.5353794526308775]}, "CBM With Shortcut, Alpha=0.001, Shift=5": {"epochs": [1, 2, 3, 4, 5, 6, 7, 8, 9, 10], "train_losses": [0.2222554963082075, 0.2185655697248876, 0.21693385718390346, 0.21856104116886854, 0.21900639357045293, 0.22020580805838108, 0.21766578778624535, 0.2178950267843902, 0.21864527137950063, 0.21816700976341963], "test_losses": [0.5654236655682325, 0.570770432241261, 0.5626086229458451, 0.5656175669282675, 0.5713971620425582, 0.5659035807475448, 0.5668229050934315, 0.5681234775111079, 0.5665119234472513, 0.5654168883338571]}, "CCM Without Shortcut, Alpha=0.001, Shift=5": {"epochs": [1, 2, 3, 4, 5, 6, 7, 8, 9, 10], "train_losses": [0.2715763421729207, 0.1954467291943729, 0.18917504255659878, 0.19271726487204432, 0.18867147783748806, 0.18660871079191566, 0.18558588833548129, 0.18629525741562247, 0.18348761345259845, 0.18439601175487041], "test_losses": [0.3174382345750928, 0.2375109982676804, 0.24045001110062003, 0.28342156391590834, 0.2991524385288358, 0.28610866144299507, 0.27227893378585577, 0.29042506217956543, 0.30064672883599997, 0.2535818195901811]}, "CCM With Shortcut, Alpha=0.001, Shift=5": {"epochs": [1, 2, 3, 4, 5, 6, 7, 8, 9, 10], "train_losses": [0.29489567363634706, 0.1950978389941156, 0.18691560486331582, 0.18652773927897215, 0.18364296294748783, 0.18750166473910213, 0.18176265200600028, 0.1830760589800775, 0.17891688970848918, 0.1860597305931151], "test_losses": [0.6095689777284861, 0.6718779001384974, 0.6292620729655027, 0.642998730763793, 0.586353488266468, 0.6944338036701083, 0.7128835553303361, 0.742088470607996, 0.6490274025127292, 0.743489071726799]}}