{"CCM EYE With Shortcut, Alpha=0.01, Shift=0": {"epochs": [1, 2, 3, 4, 5, 6, 7, 8, 9, 10, 11, 12, 13, 14, 15, 16, 17, 18, 19, 20, 21, 22, 23, 24, 25, 26, 27, 28, 29, 30, 31, 32, 33, 34, 35, 36, 37, 38, 39, 40, 41, 42, 43, 44, 45, 46, 47, 48, 49, 50], "train_losses": [1.8022831417620182, 1.1386462934315205, 0.9263365902006626, 0.7749568913131952, 0.6554625649005175, 0.5612739473581314, 0.49099664483219385, 0.43973404075950384, 0.4034054512158036, 0.3783989269286394, 0.35071173775941133, 0.3266111728735268, 0.31460570776835084, 0.2979769231751561, 0.2834672727622092, 0.2737595303915441, 0.2631978481076658, 0.25781701132655144, 0.25248797703534365, 0.24825111543759704, 0.2453799662180245, 0.23957341630011797, 0.23858171328902245, 0.23660997254773974, 0.23180181439965963, 0.23085482837632298, 0.23269371408969164, 0.23108492931351066, 0.22483701165765524, 0.22050017165020108, 0.22338019451126456, 0.21877958998084068, 0.2154462719336152, 0.2160723004490137, 0.21414432860910892, 0.21467156987637281, 0.21306038042530417, 0.21353230718523264, 0.21217614552006125, 0.21039152890443802, 0.20959172258153558, 0.21217098319903016, 0.2157839904539287, 0.21320708002895117, 0.20985355833545327, 0.20380006823688745, 0.20876893494278193, 0.20576093345880508, 0.2049438264220953, 0.2047862447798252], "test_losses": [0.2954798825085163, 0.6993351057171822, 0.6548403687775135, 0.6620290335267782, 0.6690480038523674, 0.7620737086981535, 0.6796699110418558, 0.6958784721791744, 0.7418770249933004, 0.6032624859362841, 0.6885161027312279, 0.7351055592298508, 0.7013607639819384, 0.6285659857094288, 0.7251395881175995, 0.6591569222509861, 0.6806734222918749, 0.718544002622366, 0.6995317824184895, 0.7021141741424799, 0.7281266618520021, 0.6919931042939425, 0.8277068249881268, 0.6505240015685558, 0.6940023563802242, 0.6602137666195631, 0.6780438460409641, 0.7564995363354683, 0.7420849688351154, 0.6718267723917961, 0.5781622929498553, 0.6235735639929771, 0.7314887680113316, 0.6469116900116205, 0.7857465408742428, 0.6772749703377485, 0.6778047811239958, 0.7907422836869955, 0.6433390937745571, 0.6600200738757849, 0.6386202219873667, 0.7907141782343388, 0.6844936404377222, 0.8484954480081797, 0.6385020595043898, 0.7088729776442051, 0.6948864907026291, 0.700769567862153, 0.6178320609033108, 0.7015371695160866]}, "CCM EYE With Shortcut, Alpha=0.01, Shift=1": {"epochs": [1, 2, 3, 4, 5, 6, 7, 8, 9, 10, 11, 12, 13, 14, 15, 16, 17, 18, 19, 20, 21, 22, 23, 24, 25, 26, 27, 28, 29, 30, 31, 32, 33, 34, 35, 36, 37, 38, 39, 40, 41, 42, 43, 44, 45, 46, 47, 48, 49, 50], "train_losses": [0.14843371137976646, 0.1413204395212233, 0.14134786650538445, 0.13792830053716898, 0.1396237718872726, 0.1388481017202139, 0.13840620242990553, 0.13520364207215607, 0.1350899967364967, 0.13563663675449789, 0.13352225697599351, 0.13317848602309823, 0.13285581907257438, 0.1356842126697302, 0.1354822984430939, 0.13318193284794688, 0.13264687731862068, 0.13155979034490883, 0.13232814357616007, 0.13128084456548095, 0.13114330195821822, 0.133593603502959, 0.13085800013504922, 0.13157633319497108, 0.13013608008623123, 0.13093902403488755, 0.1303185378201306, 0.13122191396541893, 0.1301296923775226, 0.12997223413549364, 0.13307680771686137, 0.1298953292425722, 0.1303413426503539, 0.12965581938624382, 0.1326022318098694, 0.13056501396931708, 0.13279856857843697, 0.12898676213808358, 0.1297872825525701, 0.12986486847512424, 0.1319572024513036, 0.12918830942362547, 0.129573690937832, 0.1289550957735628, 0.13441550894640386, 0.12966054352000356, 0.12847280828282237, 0.13228919100947678, 0.12925156787969172, 0.13123537437058985], "test_losses": [0.9388041459023952, 0.9933681134134531, 0.8853766731917858, 0.9583312757313251, 0.8959853537380695, 0.9289575554430485, 0.9038921371102333, 0.9633939079940319, 0.8804068379104137, 0.8586146403104067, 0.8564933445304632, 0.9196606539189816, 0.9968725088983774, 0.9273505210876465, 0.8787600491195917, 0.8839626125991344, 0.8945787344127893, 0.8684890773147345, 0.8631347082555294, 0.8847674839198589, 0.8505731783807278, 0.8956261910498142, 0.9051771052181721, 0.8975777290761471, 0.9376818407326937, 0.9175961632281542, 0.8526285160332918, 0.8930150736123323, 0.924816882237792, 0.9011686407029629, 0.8685943223536015, 0.8774194065481424, 0.8905797023326159, 0.9074999317526817, 0.8470107018947601, 0.8433464001864195, 0.881117433309555, 0.9119695667177439, 0.940057061612606, 0.89299026876688, 0.9121978133916855, 0.8768427986651659, 0.8940962925553322, 0.8886746186763048, 0.853097215294838, 0.8813594561070204, 0.8460552785545588, 0.847997535020113, 0.8639982249587774, 0.8723520543426275]}, "CCM EYE With Shortcut, Alpha=0.01, Shift=2": {"epochs": [1, 2, 3, 4, 5, 6, 7, 8, 9, 10, 11, 12, 13, 14, 15, 16, 17, 18, 19, 20, 21, 22, 23, 24, 25, 26, 27, 28, 29, 30, 31, 32, 33, 34, 35, 36, 37, 38, 39, 40, 41, 42, 43, 44, 45, 46, 47, 48, 49, 50], "train_losses": [0.1865225879009813, 0.18084822921082377, 0.18571773334406316, 0.1823212723247707, 0.18247319501824677, 0.1807167325168848, 0.18321055406704545, 0.18323916383087635, 0.18502731435000896, 0.1808285026345402, 0.1825139436405152, 0.18073180108331144, 0.1813366722781211, 0.18352791853249073, 0.1804239007178694, 0.18185406434349716, 0.1851902746129781, 0.1820664582774043, 0.18192699761129916, 0.18034312571398914, 0.18287490773946047, 0.18438850482925773, 0.18092193990014493, 0.18269868334755301, 0.18117584567517042, 0.17996320012025535, 0.17807182110846043, 0.17786886682733893, 0.17899120086804032, 0.17756521934643388, 0.17922808253206313, 0.18237433023750782, 0.1757374454755336, 0.17886463971808553, 0.17684989655390382, 0.18015697016380727, 0.1771037564612925, 0.17906989599578083, 0.175202609738335, 0.17636687657795846, 0.17774771712720394, 0.1755777387879789, 0.17921892926096916, 0.1771239705849439, 0.17520538391545415, 0.1789193069562316, 0.17916097794659436, 0.17743404232896864, 0.17695678467862308, 0.17638491815887392], "test_losses": [0.8736667279154062, 0.8849690463393927, 0.9251225851476192, 0.9128886349499226, 0.8396454360336065, 0.9103720784187317, 0.9163507707417011, 0.9067695494741201, 0.8941611461341381, 0.8832406736910343, 0.9021414164453745, 0.9315225500613451, 0.9172116480767727, 0.8380035348236561, 0.8672707136720419, 0.898432893678546, 0.878551259636879, 0.9148979000747204, 0.8805128317326307, 0.9707142878323793, 0.914115009829402, 0.9179625660181046, 0.8982474766671658, 1.0436194464564323, 1.0655084513127804, 1.1125453561544418, 1.112681046128273, 1.101921807974577, 1.1026449650526047, 1.0454404037445784, 1.1260159648954868, 1.1599549017846584, 1.1742653213441372, 1.1500150598585606, 1.0584240946918726, 1.0633332058787346, 1.05881760828197, 1.0112999882549047, 1.1452509202063084, 1.095938291400671, 1.0014822036027908, 1.0406952667981386, 1.1777006573975086, 1.0630313828587532, 1.1692352965474129, 1.0562162697315216, 1.1243292354047298, 1.0094775035977364, 1.0371742695569992, 1.1149780489504337]}, "CCM EYE With Shortcut, Alpha=0.01, Shift=3": {"epochs": [1, 2, 3, 4, 5, 6, 7, 8, 9, 10, 11, 12, 13, 14, 15, 16, 17, 18, 19, 20, 21, 22, 23, 24, 25, 26, 27, 28, 29, 30, 31, 32, 33, 34, 35, 36, 37, 38, 39, 40, 41, 42, 43, 44, 45, 46, 47, 48, 49, 50],