{"CBM Without Shortcut, Alpha=1 - Train": {"epochs": [1, 2, 3, 4, 5, 6, 7, 8, 9, 10], "losses": [0.6265821605920792, 0.6263840654864907, 0.6248730979859829, 0.6251094192266464, 0.6209481246769428, 0.6234150407835841, 0.6304254736751318, 0.6190802352502942, 0.6214302042499185, 0.6225212942808867]}, "CBM Without Shortcut, Alpha=1 - Test": {"epochs": [1, 2, 3, 4, 5, 6, 7, 8, 9, 10], "losses": [0.6498020802225385, 0.6147244487489972, 0.6131065913609096, 0.6165496792112078, 0.6249241232872009, 0.6435786230223519, 0.6431424021720886, 0.6328915016991752, 0.6213645849909101, 0.6216233798435756]}, "CBM With Shortcut, Alpha=1 - Train": {"epochs": [1, 2, 3, 4, 5, 6, 7, 8, 9, 10], "losses": [0.2091774339787662, 0.20896374713629484, 0.20873328018933535, 0.20687287719920278, 0.20727909170091152, 0.20767486933618784, 0.21062165405601263, 0.21147201443091035, 0.20898078382015228, 0.20797935407608747]}, "CBM With Shortcut, Alpha=1 - Test": {"epochs": [1, 2, 3, 4, 5, 6, 7, 8, 9, 10], "losses": [0.6654056906700134, 0.6813762528555733, 0.6546028767313276, 0.6884638837405613, 0.6841813325881958, 0.6918202127729144, 0.6582108736038208, 0.640549864087786, 0.6661760977336338, 0.6717267377035958]}, "CCM Without Shortcut, Alpha=1 - Train": {"epochs": [1, 2, 3, 4, 5, 6, 7, 8, 9, 10], "losses": [1.0218017660081387, 0.651629263535142, 0.5601746616885066, 0.49260513857007027, 0.45443160738795996, 0.42070971988141537, 0.3994194734841585, 0.396620724350214, 0.38145498977974057, 0.37949181674048305]}, "CCM Without Shortcut, Alpha=1 - Test": {"epochs": [1, 2, 3, 4, 5, 6, 7, 8, 9, 10], "losses": [0.32098854013851713, 0.3083465950829642, 0.3089950382709503, 0.35093287910733906, 0.3134857735463551, 0.33096868864127565, 0.32706267067364286, 0.33380763445581707, 0.32911665950502667, 0.31536287495068144]}, "CCM With Shortcut, Alpha=1 - Train": {"epochs": [1, 2, 3, 4, 5, 6, 7, 8, 9, 10], "losses": [0.5851144241169095, 0.4606979349628091, 0.45767885260283947, 0.4602011824026704, 0.45725785195827484, 0.45640229247510433, 0.4547159383073449, 0.46011491119861603, 0.45838309545069933, 0.4595548016950488]}, "CCM With Shortcut, Alpha=1 - Test": {"epochs": [1, 2, 3, 4, 5, 6, 7, 8, 9, 10], "losses": [0.6419740574700492, 0.6022631525993347, 0.6256765808377948, 0.6240403481892177, 0.5961781399590629, 0.6172828674316406, 0.6199577535901751, 0.631710844380515, 0.5362459080559867, 0.6135726400784084]}}