{"CBM Without Shortcut, Alpha=0.001, Shift=3": {"epochs": [1, 2, 3, 4, 5, 6, 7, 8, 9, 10], "train_losses": [0.5031858021393418, 0.5050765872001648, 0.5052905296906829, 0.5055288299918175, 0.5009903870522976, 0.5015599839389324, 0.49874273501336575, 0.5082304812967777, 0.5051359748467803, 0.5005644299089909], "test_losses": [0.5323996534571052, 0.5367766683921218, 0.5384799260646105, 0.5305116334930062, 0.5385889206081629, 0.5364699205383658, 0.5364724574610591, 0.5356436828151345, 0.5389062305912375, 0.5380260376259685]}, "CBM With Shortcut, Alpha=0.001, Shift=3": {"epochs": [1, 2, 3, 4, 5, 6, 7, 8, 9, 10], "train_losses": [0.21966915857046843, 0.2184146735817194, 0.22139101568609476, 0.21927305590361357, 0.22182280663400888, 0.2210101648233831, 0.22089084703475237, 0.21902061346918344, 0.2195151294581592, 0.21984099596738815], "test_losses": [0.5145502267405391, 0.5124368695542216, 0.5133436722680926, 0.5093570677563548, 0.5084779197350144, 0.5112763904035091, 0.5120577728375793, 0.5086511904373765, 0.5116260536015034, 0.5086107961833477]}, "CCM Without Shortcut, Alpha=0.001, Shift=3": {"epochs": [1, 2, 3, 4, 5, 6, 7, 8, 9, 10], "train_losses": [0.4659977271221578, 0.23004025616683066, 0.21913364669308066, 0.2122438559308648, 0.2122306665405631, 0.21206347085535526, 0.20893570175394416, 0.20885071391239762, 0.21096442686393857, 0.20961839752271771], "test_losses": [0.22944771498441696, 0.21133391512557864, 0.21432249527424574, 0.21905949478968978, 0.20442728558555245, 0.21585779124870896, 0.21763161616399884, 0.22935593593865633, 0.20937135955318809, 0.22829742264002562]}, "CCM With Shortcut, Alpha=0.001, Shift=3": {"epochs": [1, 2, 3, 4, 5, 6, 7, 8, 9, 10], "train_losses": [0.3011139458976686, 0.21788346348330379, 0.20682998793199658, 0.20330745913088322, 0.20340767921879888, 0.2044072961434722, 0.2004610998556018, 0.19816677179187536, 0.19492211425676942, 0.19608073541894555], "test_losses": [0.4930931031703949, 0.4845619238913059, 0.5806809607893229, 0.5196703495457768, 0.6222383202984929, 0.5488112084567547, 0.4842553334310651, 0.5067107239738107, 0.5894839176908135, 0.5532553093507886]}}