{"CBM Without Shortcut, Alpha=0.001": {"epochs": [1, 2, 3, 4, 5, 6, 7, 8, 9, 10], "train_losses": [0.4556126482784748, 0.245387151138857, 0.2252156757749617, 0.22104112152010202, 0.2165765785612166, 0.21121245389804244, 0.20880508376285434, 0.20525830192491412, 0.20182360894978046, 0.198559241136536], "test_losses": [0.28164325281977654, 0.22629771661013365, 0.22490110201761127, 0.21822807705029845, 0.21310776937752962, 0.2140920450910926, 0.20976421609520912, 0.20526498183608055, 0.21056485921144485, 0.20711177354678512]}, "CBM With Shortcut, Alpha=0.001": {"epochs": [1, 2, 3, 4, 5, 6, 7, 8, 9, 10], "train_losses": [0.4021321162581444, 0.30875139124691486, 0.26882590213790536, 0.22932993713766336, 0.2127823675982654, 0.19751428766176105, 0.18435519002377987, 0.17739129904657602, 0.1738346207421273, 0.17767432611435652], "test_losses": [0.39845072850584984, 0.40807958971709013, 0.4195719389244914, 0.5447009168565273, 0.6383801242336631, 0.5684109181165695, 0.5516482144594193, 0.51570481993258, 0.5064826412126422, 0.6074163038283587]}, "CCM Without Shortcut, Alpha=0.001": {"epochs": [1, 2, 3, 4, 5, 6, 7, 8, 9, 10], "train_losses": [1.276422843337059, 0.3158769588917494, 0.2834211904555559, 0.26931228395551443, 0.2589534521102905, 0.2504864991642535, 0.242559720762074, 0.23847411572933197, 0.23331922758370638, 0.22878880891948938], "test_losses": [0.3051054864190519, 0.21249620104208589, 0.20583034213632345, 0.2060492872260511, 0.2037798366509378, 0.20109173422679305, 0.20080146519467235, 0.19744724640622735, 0.1967861873563379, 0.19470355520024896]}, "CCM With Shortcut, Alpha=0.001": {"epochs": [1, 2, 3, 4, 5, 6, 7, 8, 9, 10], "train_losses": [0.3618079451844096, 0.31942432560026646, 0.3012047680094838, 0.295063482131809, 0.27725950442254543, 0.2661754107102752, 0.25522393826395273, 0.2430632975883782, 0.23461609473451972, 0.2245369404554367], "test_losses": [0.3832450546324253, 0.4351827744394541, 0.47326560225337744, 0.4439734872430563, 0.4924706118181348, 0.4117024699226022, 0.4367804750800133, 0.46911780070513487, 0.5742196645587683, 0.42386452574282885]}}