{"CCM EYE With Shortcut C, Alpha=0.01, Shift=0": {"epochs": [1, 2, 3, 4, 5, 6, 7, 8, 9, 10], "train_losses": [1.327079027891159, 1.0448037981987, 0.838998444378376, 0.6782229710370302, 0.5568988854065537, 0.47185579501092434, 0.40725962445139885, 0.3715684609487653, 0.3384573394432664, 0.31389880925416946], "test_losses": [0.2194561972282827, 0.21686297096312046, 0.21476239478215575, 0.2091181855648756, 0.20974551141262054, 0.20721102273091674, 0.20206732489168644, 0.20168101554736495, 0.19617633754387498, 0.1972516996320337]}, "CCM EYE With Shortcut U, Alpha=0.01, Shift=0": {"epochs": [1, 2, 3, 4, 5, 6, 7, 8, 9, 10], "train_losses": [0.3142114984802902, 0.2989130741916597, 0.2777162459678948, 0.26781195448711514, 0.2613978562876582, 0.24841181375086308, 0.2389698950573802, 0.23458949709311128, 0.23394837835803628, 0.22894057538360357], "test_losses": [0.20167951053008437, 0.192007121630013, 0.19258938264101744, 0.19379420019686222, 0.1880560894496739, 0.18747383076697588, 0.18700777902267873, 0.18743246607482433, 0.18578713363967836, 0.18509256467223167]}}