{"CBM Without Shortcut, Alpha=100 - Train": {"epochs": [1, 2, 3, 4, 5, 6, 7, 8, 9, 10], "losses": [0.6427816320210695, 0.6385665647685528, 0.6400639712810516, 0.6414690557867289, 0.6448968406766653, 0.641614768654108, 0.6371519844979048, 0.6374537479132414, 0.6393081322312355, 0.6443748660385609]}, "CBM Without Shortcut, Alpha=100 - Test": {"epochs": [1, 2, 3, 4, 5, 6, 7, 8, 9, 10], "losses": [0.6974619967596871, 0.6612040570804051, 0.6191142840044839, 0.6758130703653608, 0.6554748075348991, 0.6682018211909703, 0.6501989620072501, 0.6476506079946246, 0.6645575846944537, 0.6850127152034214]}, "CBM With Shortcut, Alpha=100 - Train": {"epochs": [1, 2, 3, 4, 5, 6, 7, 8, 9, 10], "losses": [0.20096430275589228, 0.20177354710176587, 0.20065330062061548, 0.20226687425747514, 0.2026723474264145, 0.202093536965549, 0.2022751155309379, 0.20027521112933755, 0.20032663829624653, 0.2026128675788641]}, "CBM With Shortcut, Alpha=100 - Test": {"epochs": [1, 2, 3, 4, 5, 6, 7, 8, 9, 10], "losses": [0.6433213693755013, 0.6463074173246112, 0.673816408429827, 0.6547551836286273, 0.6734288675444466, 0.6676138469151088, 0.6626340832029071, 0.6377808111054557, 0.6479361483028957, 0.6698570336614337]}, "CCM Without Shortcut, Alpha=100 - Train": {"epochs": [1, 2, 3, 4, 5, 6, 7, 8, 9, 10], "losses": [12.940437022596598, 8.331264406442642, 6.147069369442761, 3.4451552256941795, 3.5138496421277523, 3.4532114155590534, 3.435454647988081, 3.515215065330267, 3.46273785084486, 3.440102556720376]}, "CCM Without Shortcut, Alpha=100 - Test": {"epochs": [1, 2, 3, 4, 5, 6, 7, 8, 9, 10], "losses": [0.2848390681403024, 0.29662679561546873, 0.274090832897595, 0.2600872644356319, 0.2612513176032475, 0.28560468554496765, 0.2535958843571799, 0.27454706600734163, 0.2714848539658955, 0.2799214571714401]}, "CCM With Shortcut, Alpha=100 - Train": {"epochs": [1, 2, 3, 4, 5, 6, 7, 8, 9, 10], "losses": [12.06730556115508, 3.5361146982759237, 3.5795195922255516, 3.5155898481607437, 3.5028658639639616, 3.5776213221251965, 3.520155308768153, 3.506913034245372, 3.5779174007475376, 3.518352311104536]}, "CCM With Shortcut, Alpha=100 - Test": {"epochs": [1, 2, 3, 4, 5, 6, 7, 8, 9, 10], "losses": [0.5450676083564758, 0.6168049573898315, 0.5891099912779671, 0.5822545119694301, 0.6071102023124695, 0.574959295136588, 0.5865809065955025, 0.6033843415124076, 0.5837379693984985, 0.5961362974984306]}}