{"Correlate_with_Known, Shift=0, Alpha=100": {"train_losses": [11.980833498761058, 8.395255483686924, 8.31200074031949, 7.587543059140444, 7.3741519972682, 7.68075455352664, 8.314935527741909, 8.133961115032434, 7.04452108964324, 7.442272890359163, 8.230106197297573, 8.297593880444765, 7.570260651409626, 7.369011666625738, 7.683778967708349, 8.304870672523975, 8.127986434847116, 7.0456860810518265, 7.4430163614451885, 8.233237713575363, 8.289627749472857, 7.571432024240494, 7.373631417751312, 7.672466650605202, 8.309877086430788, 8.128417000174522, 7.042821541428566, 7.460473097860813, 8.217297315597534, 8.296828746795654], "test_losses": [0.37041872180998325, 0.37246073968708515, 0.3729961197823286, 0.36944423243403435, 0.3735830243676901, 0.3714427277445793, 0.37057299073785543, 0.370829944498837, 0.3731043552979827, 0.3681883290410042, 0.37258210871368647, 0.37003950122743845, 0.3700034385547042, 0.3726913956925273, 0.3707351665943861, 0.37070921808481216, 0.3687266977503896, 0.37056540604680777, 0.3707246957346797, 0.37262145709246397, 0.37177852634340525, 0.3739579999819398, 0.3706301962956786, 0.36872416362166405, 0.369510430842638, 0.3706934032961726, 0.3720441423356533, 0.3713555848225951, 0.3701585251837969, 0.36868654331192374]}, "Correlate_with_Known, Shift=1, Alpha=100": {"train_losses": [11.927758580073714, 7.417342980392277, 3.805303018540144, 3.6760185807943344, 3.67771477997303, 3.674516014754772, 3.673394165933132, 3.6734709441661835, 3.6722395345568657, 3.6713419035077095, 3.67659243196249, 3.6737949699163437, 3.6745327934622765, 3.6734124943614006, 3.6726594865322113, 3.674824610352516, 3.6722807064652443, 3.670518510043621, 3.674598127603531, 3.6714550629258156, 3.674705132842064, 3.6764446273446083, 3.6754725202918053, 3.6699821203947067, 3.6735063642263412, 3.6712156161665916, 3.672160178422928, 3.6733575761318207, 3.6727623865008354, 3.674700081348419], "test_losses": [0.41793020721524954, 0.43023667950183153, 0.4289891868829727, 0.42247052676975727, 0.4310247637331486, 0.4289502678439021, 0.426333399489522, 0.43354565743356943, 0.42914846912026405, 0.4283570172265172, 0.42809394653886557, 0.4306236896663904, 0.42319486290216446, 0.4346459796652198, 0.43148943316191435, 0.43131639156490564, 0.42538344766944647, 0.4292980348691344, 0.42817147076129913, 0.43273410480469465, 0.4297103025019169, 0.4238978084176779, 0.4245313089340925, 0.4190744166262448, 0.41953887417912483, 0.4232127792201936, 0.42268201243132353, 0.42670106794685125, 0.4285773662850261, 0.41992012644186616]}, "Correlate_with_Known, Shift=2, Alpha=100": {"train_losses": [22.72395296767354, 8.489130761474371, 8.123985812067986, 7.102401833981276, 7.515929203480482, 8.268975954502821, 8.330905366688967, 7.6093241311609745, 7.4075518026947975, 7.725649531930685, 8.344281878322363, 8.174126617610455, 7.083358682692051, 7.484160248190165, 8.278758965432644, 8.336366903036833, 7.609291959553957, 7.411816451698542, 7.726697277277708, 8.349854458123446, 8.193358544260263, 7.0724284909665585, 7.489958483725786, 8.280918378382921, 8.340593576431274, 7.6146823316812515, 7.413796808570623, 7.725376643240452, 8.35342575609684, 8.187913440167904], "test_losses": [0.414807983674109, 0.41074012592434883, 0.4147128891199827, 0.41510418616235256, 0.41314928140491247, 0.4146856861189008, 0.4153833193704486, 0.413049777969718, 0.4122988674789667, 0.4138591382652521, 0.41438708640635014, 0.41309030167758465, 0.4107776451855898, 0.4135284470394254, 0.4126079482957721, 0.4134248197078705, 0.4090820038691163, 0.41155075561255217, 0.4160692198202014, 0.4159143827855587, 0.4160007229074836, 0.414242229424417, 0.41477720253169537, 0.41387428995221853, 0.41456764843314886, 0.41158096585422754, 0.41571046877652407, 0.4117603152990341, 0.41465800628066063, 0.41327494382858276]}, "Correlate_with_Known, Shift=3, Alpha=100": {"train_losses": [11.97290039435029, 6.970715470612049, 7.958237825892866, 9.258518883027136, 8.977016793563962, 6.532155189663172, 7.621573757380247, 8.319348599761724, 7.592070236802101, 7.40159946680069, 7.698374941945076, 8.340145278722048, 8.176912177354097, 7.041891865432262, 7.479620486497879, 8.255875922739506, 8.3183019682765, 7.594685606658459, 7.397847902029753, 7.699009340256453, 8.330146498978138, 8.174445021897554, 7.04312551766634, 7.478394810110331, 8.254865311086178, 8.318860705941916, 7.594925548881292, 7.396248389035463, 7.696899458765984, 8.332460686564445], "test_losses": [0.3966028159484267, 0.3981938660144806, 0.39584500901401043, 0.39849510602653027, 0.39514001552015543, 0.3954841885715723, 0.39581716991961, 0.3964093504473567, 0.39396586641669273, 0.3962530354037881, 0.3976080156862736, 0.3947941269725561, 0.3956079026684165, 0.39174736104905605, 0.3970112893730402, 0.39715017564594746, 0.3958103358745575, 0.39467031322419643, 0.39690655935555696, 0.39501435123384, 0.39423822052776814, 0.39731498807668686, 0.3940798304975033, 0.39232067111879587, 0.3957377849146724, 0.39505048654973507, 0.3923587519675493, 0.3961785165593028, 0.39153651613742113, 0.39582278579473495]}}