{"Correlate_with_Unknown, Shift=0, Alpha=100": {"train_losses": [22.74603931605816, 8.494236944243312, 8.16993559524417, 7.126791760325432, 7.459574598819017, 8.298566788434982, 8.342786770313978, 7.6201878152787685, 7.418265957385302, 7.728120993822813, 8.35806443914771, 8.16686026379466, 7.126767378300428, 7.457857623696327, 8.297275245189667, 8.344690307974815, 7.622312985360622, 7.417162500321865, 7.730786208063364, 8.360110562294722, 8.165299993008375, 7.127996411174536, 7.45743128284812, 8.29801656678319, 8.344002179801464, 7.622584261000156, 7.417525913566351, 7.728587321937084, 8.358689036220312, 8.166566148400307], "test_losses": [0.4029441671445966, 0.40164164267480373, 0.40185532812029123, 0.4046427709981799, 0.4019476091489196, 0.4025285989046097, 0.4043385172262788, 0.4047280680388212, 0.4047584105283022, 0.40267273783683777, 0.4023534981533885, 0.4030914884060621, 0.40514431800693274, 0.40447399392724037, 0.40460169594734907, 0.40274828765541315, 0.4037161450833082, 0.40394141152501106, 0.40416691172868013, 0.4045693641528487, 0.4032450569793582, 0.39949800726026297, 0.40416728239506483, 0.4022509455680847, 0.4049708219245076, 0.40423397719860077, 0.40456366539001465, 0.401766843162477, 0.4012896455824375, 0.4041326129809022]}, "Correlate_with_Unknown, Shift=1, Alpha=100": {"train_losses": [12.078178809955716, 8.4186338391155, 8.360754519701004, 7.64292760565877, 7.41239021345973, 7.74207816272974, 8.355272199958563, 8.183029975742102, 7.089187383651733, 7.5027708150446415, 8.274687897413969, 8.346128277480602, 7.621776323765516, 7.410827811807394, 7.721973609179258, 8.348194781690836, 8.17802969366312, 7.0915414951741695, 7.485675431787968, 8.277286417782307, 8.332731992006302, 7.6157403364777565, 7.420798506587744, 7.7197710908949375, 8.354784198105335, 8.17445046082139, 7.088007230311632, 7.479293197393417, 8.268984757363796, 8.339432690292597], "test_losses": [0.40923035703599453, 0.40696112997829914, 0.4075333857908845, 0.406720950268209, 0.40556897781789303, 0.41011713817715645, 0.40948315523564816, 0.4042718317359686, 0.40734966192394495, 0.40595698170363903, 0.40676237642765045, 0.40847316943109035, 0.40852364152669907, 0.4071092773228884, 0.4074730984866619, 0.4091803515329957, 0.40653891675174236, 0.40816300362348557, 0.40721451956778765, 0.40979714039713144, 0.40529671031981707, 0.40961611550301313, 0.40712593495845795, 0.40795817226171494, 0.40581721626222134, 0.40609223674982786, 0.40910561941564083, 0.40662916004657745, 0.4059541095048189, 0.40779218543320894]}, "Correlate_with_Unknown, Shift=2, Alpha=100": {"train_losses": [12.001355055719614, 7.690328054130077, 3.743920499458909, 3.7356225848197937, 3.7375640347599983, 3.737200289964676, 3.738716997206211, 3.737692154943943, 3.7385059520602226, 3.7368251383304596, 3.7357801645994186, 3.737330101430416, 3.7357909977436066, 3.7359674647450447, 3.735450528562069, 3.736820623278618, 3.734111435711384, 3.736734874546528, 3.734724834561348, 3.73709250241518, 3.7365321069955826, 3.7357306107878685, 3.735887438058853, 3.735826350748539, 3.7369192764163017, 3.735456667840481, 3.7351557165384293, 3.737103782594204, 3.7364260777831078, 3.7353757694363594], "test_losses": [0.4021459612995386, 0.4041277701035142, 0.4056199435144663, 0.404844474978745, 0.4048414947465062, 0.40662179235368967, 0.4043117258697748, 0.4060731576755643, 0.4038401832804084, 0.4049365697428584, 0.40445741917937994, 0.40517004020512104, 0.4056319696828723, 0.4041929002851248, 0.40284173004329205, 0.4022865863516927, 0.40137404948472977, 0.40260989125818014, 0.40298806317150593, 0.4041497064754367, 0.40390211436897516, 0.40580166317522526, 0.404994479380548, 0.40471719205379486, 0.40405967459082603, 0.4037830466404557, 0.4047578824684024, 0.40439927857369184, 0.40200952906161547, 0.4032217860221863]}, "Correlate_with_Unknown, Shift=3, Alpha=100": {"train_losses": [12.029996991157532, 3.591843821108341, 3.6288196686655283, 3.5388358663767576, 3.52678282558918, 3.624945057556033, 3.572302984073758, 3.546571297571063, 3.6185452826321125, 3.5618041548877954, 3.5551079902797937, 3.6443887185305357, 3.56882212869823, 3.5440916512161493, 3.6189167890697718, 3.561226647347212, 3.540850454941392, 3.6204928662627935, 3.5778153389692307, 3.543858163058758, 3.6242987755686045, 3.5861927028745413, 3.5535184014588594, 3.6365712359547615, 3.567761203274131, 3.5427516158670187, 3.630874825641513, 3.5700146593153477, 3.560608897358179, 3.6598599776625633], "test_losses": [0.40568819269537926, 0.4016492050141096, 0.40688989218324423, 0.4043380692601204, 0.4057934330776334, 0.4023642670363188, 0.4051430160179734, 0.403666228055954, 0.4060669131577015, 0.40488385502249, 0.4043868975713849, 0.4050816046074033, 0.40493410639464855, 0.4056504387408495, 0.40442459285259247, 0.40499603748321533, 0.4075148534029722, 0.4053914938122034, 0.4040446160361171, 0.4045136831700802, 0.4030976239591837, 0.40457385405898094, 0.40430471673607826, 0.402613821439445, 0.40395164862275124, 0.4042204488068819, 0.4063548808917403, 0.40393672604113817, 0.40672395564615726, 0.40323525946587324]}}