{"Correlate_with_Known, Shift=0, Alpha=1": {"train_losses": [0.5737879769876599, 0.5128145031630993, 0.49588532466441393, 0.5104623194783926, 0.5040418934077024, 0.4946915144100785, 0.490602757781744, 0.4888455830514431, 0.48473516944795847, 0.4826877638697624, 0.4815938388928771, 0.480090600438416, 0.48182523623108864, 0.4782844390720129, 0.47665791120380163, 0.47902687080204487, 0.4780633095651865, 0.4772942988201976, 0.4763127872720361, 0.47762201353907585, 0.4747823625802994, 0.47591431718319654, 0.4776769857853651, 0.4749666955322027, 0.4792759036645293, 0.4770705532282591, 0.4756840877234936, 0.4751726211979985, 0.4772722516208887, 0.4780988236889243], "test_losses": [0.31020706752315164, 0.31528194062411785, 0.33182171639055014, 0.33879453781992197, 0.3329862402752042, 0.32911496981978416, 0.3300165208056569, 0.3396009160205722, 0.3368148459121585, 0.3398871123790741, 0.34472931548953056, 0.3457048833370209, 0.3492808220908046, 0.34641291480511427, 0.3386180195957422, 0.3519616946578026, 0.35092093236744404, 0.3491153558716178, 0.3548148488625884, 0.3451557429507375, 0.34732040762901306, 0.34902633912861347, 0.3510230928659439, 0.34825328178703785, 0.3546693380922079, 0.3480999730527401, 0.35868252720683813, 0.3568276884034276, 0.36016344651579857, 0.353175675496459]}, "Correlate_with_Known, Shift=1, Alpha=1": {"train_losses": [0.3880046037957072, 0.3212856687605381, 0.3278678469359875, 0.33319575246423483, 0.33135618083178997, 0.32761265290901065, 0.32873424841091037, 0.3399957437068224, 0.30215154495090246, 0.3234605551697314, 0.30507912300527096, 0.32039459981024265, 0.32283948082476854, 0.30071067390963435, 0.32125430973246694, 0.30850548623129725, 0.3124756598845124, 0.3198731984011829, 0.29995965072885156, 0.3197605484165251, 0.33301336504518986, 0.3288097674958408, 0.33160992013290524, 0.3250618069432676, 0.3213796755298972, 0.3069287701509893, 0.3130308664403856, 0.3207914507947862, 0.2995436335913837, 0.3252398478798568], "test_losses": [0.2083367183804512, 0.21771576115861535, 0.21339071169495583, 0.2092585600912571, 0.21230475325137377, 0.2132974797859788, 0.21290559018962085, 0.21387923322618008, 0.2115518245846033, 0.21460607089102268, 0.2133038491010666, 0.21655392879620194, 0.21193992719054222, 0.21244973759166896, 0.21420693304389715, 0.21360158920288086, 0.21504608867689967, 0.21444507129490376, 0.2117774747312069, 0.21422910410910845, 0.2152131930924952, 0.21052756253629923, 0.21043301280587912, 0.21552234468981624, 0.22038830304518342, 0.21438090922310948, 0.2157104630023241, 0.21538265515118837, 0.21110689034685493, 0.21078476728871465]}, "Correlate_with_Known, Shift=2, Alpha=1": {"train_losses": [0.45617894548922777, 0.41652252711355686, 0.4135649399831891, 0.4089218843728304, 0.40879690647125244, 0.4081995952874422, 0.41603854950517416, 0.4134523766115308, 0.40079160686582327, 0.40901843924075365, 0.41224753856658936, 0.41897886246442795, 0.4073522603139281, 0.40892035607248545, 0.40979649126529694, 0.41260193567723036, 0.41359182819724083, 0.4012571172788739, 0.407585134729743, 0.4136363994330168, 0.41557011287659407, 0.40623142290860415, 0.4067606218159199, 0.41363338753581047, 0.4186734864488244, 0.41424783412367105, 0.4016620311886072, 0.4082068223506212, 0.4152080612257123, 0.41304758936166763], "test_losses": [0.3139584120362997, 0.3130362522788346, 0.3136246930807829, 0.3131840331479907, 0.31612387066707015, 0.31354565639048815, 0.31807511392980814, 0.31327894050627947, 0.3164491318166256, 0.31491745123639703, 0.31511943601071835, 0.3160728048533201, 0.3130945470184088, 0.3121359762735665, 0.31629698257893324, 0.31493521109223366, 0.3163202367722988, 0.3165021864697337, 0.3166882707737386, 0.3133870270103216, 0.32296834886074066, 0.3172689834609628, 0.31264231260865927, 0.3133047865703702, 0.3164319503121078, 0.3155079227872193, 0.3120920639485121, 0.31406179536134005, 0.3157884608954191, 0.31902360543608665]}, "Correlate_with_Known, Shift=3, Alpha=1": {"train_losses": [0.4737190632149577, 0.43959719222038984, 0.4374801618978381, 0.4303056225180626, 0.4288827171549201, 0.4320514928549528, 0.44023105315864086, 0.44001832231879234, 0.4297921862453222, 0.4325070045888424, 0.441526485607028, 0.4400653839111328, 0.4317920012399554, 0.43262123595923185, 0.4350375197827816, 0.4371361145749688, 0.4381332276389003, 0.42953057028353214, 0.4310170039534569, 0.43828061409294605, 0.4378406582400203, 0.4315406521782279, 0.43030482437461615, 0.43407742213457823, 0.4423870574682951, 0.4377709422260523, 0.424631311558187, 0.43030844535678625, 0.438683470711112, 0.4389646565541625], "test_losses": [0.35050465539097786, 0.3476195130497217, 0.34749528393149376, 0.34672721195966005, 0.34806905314326286, 0.3473231978714466, 0.3467101319693029, 0.3509648097679019, 0.3463416388258338, 0.3449469683691859, 0.34763126261532307, 0.348678782582283, 0.34549987595528364, 0.3505919883027673, 0.3444180879741907, 0.35033092461526394, 0.34836095850914717, 0.34900161903351545, 0.3474809192121029, 0.34947015158832073, 0.34689565002918243, 0.34599429555237293, 0.3447836237028241, 0.3444416942074895, 0.34547056909650564, 0.3436428480781615, 0.34750889148563147, 0.3487412594258785, 0.34654856380075216, 0.34945540502667427]}}