{"Correlate_with_Unknown, Shift=0, Alpha=1": {"train_losses": [0.6060314252972603, 0.4743264252319932, 0.47080169804394245, 0.4586070254445076, 0.46410202886909246, 0.47268698643893003, 0.47302541602402925, 0.4652053415775299, 0.46448122803121805, 0.4657644461840391, 0.47350353095680475, 0.47129842918366194, 0.46080986224114895, 0.4611354796215892, 0.47586893383413553, 0.47179027181118727, 0.4663142906501889, 0.463583598844707, 0.4652183074504137, 0.4708285676315427, 0.4707144647836685, 0.4616862218827009, 0.46210941206663847, 0.46845405269414186, 0.4717007949948311, 0.46483639534562826, 0.46423452626913786, 0.46559655014425516, 0.4735774602741003, 0.47237168718129396], "test_losses": [0.37982523906975985, 0.38126605469733477, 0.38008953258395195, 0.3814745647832751, 0.38125138357281685, 0.3814493464305997, 0.38217292446643114, 0.3819902762770653, 0.37916252948343754, 0.37988993991166353, 0.3825785396620631, 0.38257213309407234, 0.3797234147787094, 0.37640221882611513, 0.38150679785758257, 0.3805234367027879, 0.38677417393773794, 0.38115344010293484, 0.3816629108041525, 0.38041195645928383, 0.3821910759434104, 0.3801397467032075, 0.38077826239168644, 0.3795856973156333, 0.38177132699638605, 0.3829805161803961, 0.38141574896872044, 0.38186328392475843, 0.38107816129922867, 0.38203071244060993]}, "Correlate_with_Unknown, Shift=1, Alpha=1": {"train_losses": [0.6493662912398577, 0.46472844295203686, 0.4681473346427083, 0.4663718296214938, 0.47496045753359795, 0.4742828980088234, 0.4775394694879651, 0.4752017492428422, 0.4762782296165824, 0.43663682136684656, 0.4355144249275327, 0.43573463801294565, 0.43355303909629583, 0.43593213334679604, 0.4340400071814656, 0.4367736978456378, 0.4366204999387264, 0.4360176622867584, 0.43387013860046864, 0.4352441895753145, 0.4393119104206562, 0.43653125688433647, 0.4346101572737098, 0.4363297577947378, 0.4367065541446209, 0.43570227827876806, 0.43620253913104534, 0.43446601554751396, 0.43411630392074585, 0.4369736658409238], "test_losses": [0.3921990105882287, 0.3882279060781002, 0.39458278473466635, 0.3891181377694011, 0.38788710068911314, 0.3883764836937189, 0.387535372748971, 0.3895806409418583, 0.390391499735415, 0.387705747038126, 0.3856360372155905, 0.3872061828151345, 0.38796596601605415, 0.3865215787664056, 0.3896097056567669, 0.3873072350397706, 0.3903873320668936, 0.38824210595339537, 0.3865172415971756, 0.38935938850045204, 0.38659397047013044, 0.3880195515230298, 0.3875753739848733, 0.3883940679952502, 0.3859555581584573, 0.3853376228362322, 0.38693702686578035, 0.38890520203858614, 0.38592009246349335, 0.3906431123614311]}, "Correlate_with_Unknown, Shift=2, Alpha=1": {"train_losses": [0.6056402260437608, 0.46097066812217236, 0.4600402843207121, 0.4464752860367298, 0.4506612680852413, 0.4557950897142291, 0.4606989687308669, 0.4535612650215626, 0.4523529941216111, 0.4531756266951561, 0.46285244915634394, 0.4570952598005533, 0.4472802672535181, 0.45403320249170065, 0.45707388781011105, 0.459594308398664, 0.45424565114080906, 0.44926554802805185, 0.4531278098002076, 0.4603045070543885, 0.45922551676630974, 0.445406892336905, 0.4531066529452801, 0.45779883675277233, 0.45941128581762314, 0.4529035799205303, 0.4487139880657196, 0.4522483106702566, 0.45911275688558817, 0.457258609123528], "test_losses": [0.38956852443516254, 0.3887858306989074, 0.3900208445265889, 0.3870937079191208, 0.3883206555619836, 0.38536686915904284, 0.3905210345983505, 0.38827139511704445, 0.3889183644205332, 0.3898797854781151, 0.38927606772631407, 0.38724866788834333, 0.39017651695758104, 0.38794951513409615, 0.3904978474602103, 0.3889379808679223, 0.38824174739420414, 0.39008479192852974, 0.3904172433540225, 0.3913360210135579, 0.38734858855605125, 0.3870997969061136, 0.3893683450296521, 0.38929767813533545, 0.39028034918010235, 0.38947233464568853, 0.39157638885080814, 0.3885915279388428, 0.3888458702713251, 0.3886391147971153]}, "Correlate_with_Unknown, Shift=3, Alpha=1": {"train_losses": [0.6247531492263079, 0.45659011881798506, 0.43324464838951826, 0.43363746255636215, 0.4328395323827863, 0.4351121010258794, 0.43352069426327944, 0.43177416920661926, 0.43204608373343945, 0.4322827411815524, 0.4324784269556403, 0.43160388991236687, 0.4302650261670351, 0.43253692239522934, 0.43185197934508324, 0.4308525947853923, 0.4303645743057132, 0.43256875593215227, 0.43138047493994236, 0.4312563305720687, 0.4342481903731823, 0.4340804619714618, 0.4322138950228691, 0.43189793173223734, 0.4344567572697997, 0.43281797133386135, 0.4327623564749956, 0.43098777905106544, 0.432795568369329, 0.4336590180173516], "test_losses": [0.38269443716853857, 0.3826546920463443, 0.3831529011949897, 0.38058039639145136, 0.3811159934848547, 0.3844834631308913, 0.3831974836066365, 0.3795903520658612, 0.3817607518285513, 0.3830720093101263, 0.38102122489362955, 0.3808387219905853, 0.37804540526121855, 0.381652464158833, 0.38018082175403833, 0.3813181249424815, 0.3819683166220784, 0.3819560520350933, 0.38254211470484734, 0.38027903717011213, 0.38361429143697023, 0.380446957424283, 0.3806018680334091, 0.37882148940116167, 0.37969080824404955, 0.38146461732685566, 0.37991261575371027, 0.38050296530127525, 0.3814989486709237, 0.3816666603088379]}}