{"CBM Without Shortcut, Alpha Known=0.001, Alpha Unknown=0.001 - Train": {"epochs": [1, 2, 3, 4, 5, 6, 7, 8, 9, 10], "losses": [0.25942488154396415, 0.2091069465968758, 0.2098882906138897, 0.20402355398982763, 0.1988312928006053, 0.20046318788081408, 0.19387448439374566, 0.1939083761535585, 0.18949914956465364, 0.19039284135214984]}, "CBM Without Shortcut, Alpha Known=0.001, Alpha Unknown=0.001 - Test": {"epochs": [1, 2, 3, 4, 5, 6, 7, 8, 9, 10], "losses": [0.23257207870483398, 0.19860972676958358, 0.2060557987008776, 0.20113457952226912, 0.19552997393267496, 0.1876642576285771, 0.19669818026678904, 0.1979972379548209, 0.19790918060711452, 0.18485194657530105]}, "CBM With Shortcut, Alpha Known=0.001, Alpha Unknown=0.001 - Train": {"epochs": [1, 2, 3, 4, 5, 6, 7, 8, 9, 10], "losses": [0.3662745477631688, 0.2726831021718681, 0.2609405624680221, 0.2529359869658947, 0.24770334688946605, 0.24382594786584377, 0.23541290406137705, 0.23587006563320756, 0.22917012637481093, 0.21984360530041158]}, "CBM With Shortcut, Alpha Known=0.001, Alpha Unknown=0.001 - Test": {"epochs": [1, 2, 3, 4, 5, 6, 7, 8, 9, 10], "losses": [0.4935705576624189, 0.5513980218342373, 0.5412993431091309, 0.6189378925732204, 0.5764683995928083, 0.569709871496473, 0.512925922870636, 0.49233446376664297, 0.5377943984099797, 0.5940431356430054]}, "CCM Without Shortcut, Alpha Known=0.001, Alpha Unknown=0.001 - Train": {"epochs": [1, 2, 3, 4, 5, 6, 7, 8, 9, 10], "losses": [0.4745940212160349, 0.29118502978235483, 0.2704795440658927, 0.262580503243953, 0.2475219746120274, 0.23921339912340045, 0.22893206682056189, 0.22770511265844107, 0.22094463650137186, 0.21565537434071302]}, "CCM Without Shortcut, Alpha Known=0.001, Alpha Unknown=0.001 - Test": {"epochs": [1, 2, 3, 4, 5, 6, 7, 8, 9, 10], "losses": [0.27036469323294504, 0.22986375434058054, 0.22269524846758162, 0.21876999310084752, 0.21696477915559495, 0.21068031979458673, 0.2215949616261891, 0.19719310849905014, 0.20481931950364793, 0.21278744510241918]}, "CCM With Shortcut, Alpha Known=0.001, Alpha Unknown=0.001 - Train": {"epochs": [1, 2, 3, 4, 5, 6, 7, 8, 9, 10], "losses": [0.3759293030016124, 0.26187663059681654, 0.2506690388545394, 0.24935430567711592, 0.24435767577961087, 0.2493567392230034, 0.24010606855154037, 0.2359715176280588, 0.23481443105265498, 0.23326578876003623]}, "CCM With Shortcut, Alpha Known=0.001, Alpha Unknown=0.001 - Test": {"epochs": [1, 2, 3, 4, 5, 6, 7, 8, 9, 10], "losses": [0.5957648754119873, 0.5582875524248395, 0.6087012376104083, 0.5675829989569527, 0.5896456326757159, 0.5501716562679836, 0.5912298134395054, 0.597815488065992, 0.5759580561092922, 0.57082257100514]}}