{"CCM EYE With Shortcut, Alpha=0.01, Shift=0": {"epochs": [1, 2, 3, 4, 5, 6, 7, 8, 9, 10], "train_losses": [2.208395827561617, 1.0959746781736612, 0.9071647711098194, 0.761670894920826, 0.646268567070365, 0.5512694530189037, 0.48458695597946644, 0.44575080182403326, 0.4101914372295141, 0.3756760684773326], "test_losses": [0.6282492615282536, 0.7428045701235533, 0.8769630808383226, 0.8480865694582462, 0.8333208542317152, 0.8534129951149225, 0.8428114242851734, 0.7579790279269218, 0.7921814378350973, 0.8149712774902582]}, "CCM EYE With Shortcut, Alpha=0.01, Shift=1": {"epochs": [1, 2, 3, 4, 5, 6, 7, 8, 9, 10], "train_losses": [0.35117701906710863, 0.31525147054344416, 0.28902433486655354, 0.27402220480144024, 0.25633055018261075, 0.24448457406833768, 0.23649300821125507, 0.2242963621392846, 0.22057571355253458, 0.2192705413326621], "test_losses": [0.9335090480744839, 0.92447230219841, 0.854367220774293, 0.9460735246539116, 0.9294559508562088, 0.7209769207984209, 0.9324608594179153, 0.8437354490160942, 0.8948291260749102, 0.7940652500838041]}, "CCM EYE With Shortcut, Alpha=0.01, Shift=2": {"epochs": [1, 2, 3, 4, 5, 6, 7, 8, 9, 10], "train_losses": [0.25459345197305083, 0.24959043553099036, 0.2520837318152189, 0.24468135042116046, 0.24122957279905677, 0.24013066058978438, 0.24479359714314342, 0.23718487424775958, 0.23681899765506387, 0.2327784514054656], "test_losses": [0.8108505103737116, 0.6930078975856304, 0.8704545814543962, 0.8031722977757454, 0.6889995876699686, 0.7136358693242073, 0.7467052266001701, 0.9119335245341063, 0.7166504729539156, 0.6556150354444981]}, "CCM EYE With Shortcut, Alpha=0.01, Shift=3": {"epochs": [1, 2, 3, 4, 5, 6, 7, 8, 9, 10], "train_losses": [0.17465667286887765, 0.16915682540275156, 0.16578675876371562, 0.16717399284243584, 0.1646104147657752, 0.16582418978214264, 0.16515059932135046, 0.16556264134123921, 0.16446029185317457, 0.16322029661387205], "test_losses": [0.9739711377769709, 0.906874405220151, 0.9530543927103281, 0.8522636573761702, 0.8767856657505035, 0.7531885839998722, 0.8899946566671133, 0.9733633473515511, 0.9744403269141912, 0.8963256124407053]}, "CCM EYE With Shortcut, Alpha=0.01, Shift=4": {"epochs": [1, 2, 3, 4, 5, 6, 7, 8, 9, 10], "train_losses": [0.18238820508122444, 0.18027108116075397, 0.17654171050526202, 0.1770075848326087, 0.1817175808828324, 0.1758869714103639, 0.17764678434468806, 0.1758216805756092, 0.17896544933319092, 0.17424778849817812], "test_losses": [0.8400087244808674, 0.8161603771150112, 0.8406184930354357, 0.9429640062153339, 0.8443725239485502, 0.8641899209469557, 0.7947025541216135, 0.8903659246861935, 0.7793670855462551, 0.9286197777837515]}, "CCM EYE With Shortcut, Alpha=0.01, Shift=5": {"epochs": [1, 2, 3, 4, 5, 6, 7, 8, 9, 10], "train_losses": [0.20336358668282628, 0.20245620282366872, 0.19669453939422965, 0.200839753029868, 0.2005360098555684, 0.198569867759943, 0.20040426403284073, 0.19414212927222252, 0.1976270554587245, 0.19558488903567195], "test_losses": [1.0187253821641207, 0.8108289502561092, 0.8318579196929932, 0.7901686672121286, 0.8038637414574623, 0.9663869421929121, 0.9250394757837057, 1.043807003647089, 0.7997927535325289, 0.858177226036787]}}