{"CBM Without Shortcut, Alpha=0.001, Shift=2": {"epochs": [1, 2, 3, 4, 5, 6, 7, 8, 9, 10], "train_losses": [0.5189135624095798, 0.5094764735549688, 0.5210286248475313, 0.5182573813945055, 0.5156800718978047, 0.5183749003335834, 0.5147396847605705, 0.514442628249526, 0.5131352143362164, 0.5204285606741905], "test_losses": [0.5161615991964936, 0.5122307082638144, 0.5090301632881165, 0.5130763314664364, 0.51328129414469, 0.5144224520772696, 0.5122752049937844, 0.5135555202141404, 0.5144696198403835, 0.5089185815304518]}, "CBM With Shortcut, Alpha=0.001, Shift=2": {"epochs": [1, 2, 3, 4, 5, 6, 7, 8, 9, 10], "train_losses": [0.1966195753775537, 0.19962831703014672, 0.20123242819681764, 0.19688061019405723, 0.19740780536085367, 0.19810220133513212, 0.19739778898656368, 0.19707987923175097, 0.19623982487246394, 0.19578082580119371], "test_losses": [0.5128188151866198, 0.517928397282958, 0.515481230802834, 0.511297564022243, 0.5107333622872829, 0.5147913722321391, 0.5164079973474145, 0.5179651193320751, 0.5126764504238963, 0.5125163160264492]}, "CCM Without Shortcut, Alpha=0.001, Shift=2": {"epochs": [1, 2, 3, 4, 5, 6, 7, 8, 9, 10], "train_losses": [0.3341486477293074, 0.22048142412677407, 0.208652688190341, 0.20635523833334446, 0.2046669228002429, 0.2021996104158461, 0.1993270656093955, 0.20116400066763163, 0.20032135350629687, 0.19907670165412128], "test_losses": [0.21183142182417214, 0.2024905877187848, 0.19337534019723535, 0.2180565749295056, 0.2011492969468236, 0.20412190770730376, 0.21063203876838088, 0.21408854005858302, 0.20124555518850684, 0.20400115940719843]}, "CCM With Shortcut, Alpha=0.001, Shift=2": {"epochs": [1, 2, 3, 4, 5, 6, 7, 8, 9, 10], "train_losses": [0.37563745258376, 0.29111245973035693, 0.2839719341136515, 0.27542878966778517, 0.2703346968628466, 0.2575249639339745, 0.23458323441445827, 0.21380174532532692, 0.21521145990118384, 0.20712224300950766], "test_losses": [0.6539070531725883, 0.5188770201057196, 0.5170246856287122, 0.6346252933144569, 0.5181371998041868, 0.5820061098784208, 0.5908888773992658, 0.7925118766725063, 0.6528903618454933, 0.6852677837014198]}}