{"Correlate_with_Unknown, Shift=0, Alpha=0.1": {"train_losses": [0.3835138538852334, 0.37151391711086035, 0.36991274915635586, 0.3695656256750226, 0.3706887485459447, 0.36717204190790653, 0.369101514108479, 0.36797985807061195, 0.3680218290537596, 0.36685127671808004, 0.36706901155412197, 0.36647939309477806, 0.3628814397379756, 0.3650211049243808, 0.36352079920470715, 0.36519812420010567, 0.364541245624423, 0.3623538576066494, 0.36427426617592573, 0.3621871033683419, 0.361832682043314, 0.3604301502928138, 0.35891346633434296, 0.36115346383303404, 0.3570916075259447, 0.35288972221314907, 0.3527139239013195, 0.353306139819324, 0.3483722247183323, 0.34391531348228455], "test_losses": [0.3407377563416958, 0.3265191335231066, 0.32908554188907146, 0.32935733161866665, 0.3284831568598747, 0.333873531781137, 0.3528297822922468, 0.3451014207676053, 0.33898238372057676, 0.33859235513955355, 0.34469501953572035, 0.36363284569233656, 0.3470536731183529, 0.35467345733195543, 0.3714367402717471, 0.3487338060513139, 0.3502272656187415, 0.32817055378109217, 0.3802598211914301, 0.3550175093114376, 0.36880808509886265, 0.42320094630122185, 0.38214660435914993, 0.3421734175644815, 0.4118510000407696, 0.42433441895991564, 0.5049573658034205, 0.394651654176414, 0.428266316652298, 0.3193203881382942]}}