{"Correlate_with_Known, Shift=0, Alpha=0.1": {"train_losses": [0.45706753619015217, 0.40051901061087847, 0.3913767272606492, 0.38447432685643435, 0.3767944220453501, 0.37242188677191734, 0.372148584574461, 0.37254039384424686, 0.36732320953160524, 0.36706476751714945, 0.367525945417583, 0.3671289552003145, 0.3677133433520794, 0.3681783676147461, 0.36569846887141466, 0.36700238566845655, 0.36702888179570436, 0.36632442381232977, 0.3655837755650282, 0.3671573055908084, 0.3676879247650504, 0.3667711829766631, 0.3663842547684908, 0.3665122613310814, 0.3671099105849862, 0.3664761371910572, 0.36584362480789423, 0.3642947757616639, 0.36738674994558096, 0.36733136139810085], "test_losses": [0.28840964986011386, 0.2823723149485886, 0.28500074334442616, 0.28304822742938995, 0.2834025742486119, 0.2829585704021156, 0.28384604305028915, 0.2836579754948616, 0.2826148816384375, 0.28021113434806466, 0.28140745172277093, 0.28344416758045554, 0.28301879903301597, 0.28384475922212005, 0.289892909117043, 0.2821585740894079, 0.28280367935076356, 0.28676449647173285, 0.28137557161971927, 0.28644299879670143, 0.28447376238182187, 0.2834891495294869, 0.28307107416912913, 0.28548096865415573, 0.2825489239767194, 0.2832145872525871, 0.2824847265146673, 0.2841460960917175, 0.28207554342225194, 0.2844753791578114]}}