{
    "feature_0": {
        "ks_stat": 0.05484201918883558
    },
    "feature_1": {
        "ks_stat": 0.05438525508937958
    },
    "feature_2": {
        "ks_stat": 0.039999999999999925
    }
}