{
    "feature_0": {
        "ks_stat": 0.06619004496627523
    },
    "feature_1": {
        "ks_stat": 0.051660797970264016
    },
    "feature_2": {
        "ks_stat": 0.01100000000000001
    }
}