{
    "feature_0": {
        "ks_stat": 0.06595580454403988
    },
    "feature_1": {
        "ks_stat": 0.042243880366998665
    },
    "feature_2": {
        "ks_stat": 0.0010000000000000009
    }
}