{
    "feature_0": {
        "ks_stat": 0.06004756694452329
    },
    "feature_1": {
        "ks_stat": 0.053395001797914454
    },
    "feature_2": {
        "ks_stat": 0.05499999999999994
    }
}