{"CBM Without Shortcut, Alpha Known=0.1, Alpha Unknown=0.1 - Train": {"epochs": [1, 2, 3, 4, 5, 6, 7, 8, 9, 10], "losses": [0.5915865413844585, 0.5930621279403567, 0.5941831022500992, 0.5920605305582285, 0.5947067560628057, 0.5952069498598576, 0.5914380811154842, 0.6003230949863791, 0.5985169382765889, 0.5971309868618846]}, "CBM Without Shortcut, Alpha Known=0.1, Alpha Unknown=0.1 - Test": {"epochs": [1, 2, 3, 4, 5, 6, 7, 8, 9, 10], "losses": [0.554429931300027, 0.5941738188266754, 0.5762363629681724, 0.5576963424682617, 0.5695330032280513, 0.5601197481155396, 0.5765911766460964, 0.5709341594151088, 0.5559974483081273, 0.567508169582912]}, "CBM With Shortcut, Alpha Known=0.1, Alpha Unknown=0.1 - Train": {"epochs": [1, 2, 3, 4, 5, 6, 7, 8, 9, 10], "losses": [0.21574333449825644, 0.2159793828614056, 0.2150387316942215, 0.21734316321089864, 0.2159017059020698, 0.21328923059627414, 0.21536677749827504, 0.2131716702133417, 0.21456957748159766, 0.21716459840536118]}, "CBM With Shortcut, Alpha Known=0.1, Alpha Unknown=0.1 - Test": {"epochs": [1, 2, 3, 4, 5, 6, 7, 8, 9, 10], "losses": [0.5630925510610852, 0.5737717407090324, 0.5790915829794747, 0.608218618801662, 0.604228104863848, 0.5733078633035932, 0.5901266847337995, 0.5918937964098794, 0.5937063183103289, 0.5862191149166652]}, "CCM Without Shortcut, Alpha Known=0.1, Alpha Unknown=0.1 - Train": {"epochs": [1, 2, 3, 4, 5, 6, 7, 8, 9, 10], "losses": [0.5172047019004822, 0.37892109528183937, 0.31555850291624665, 0.27302938466891646, 0.25438831839710474, 0.24595657316967845, 0.23745375592261553, 0.2209865697659552, 0.21350247133523226, 0.2110220594331622]}, "CCM Without Shortcut, Alpha Known=0.1, Alpha Unknown=0.1 - Test": {"epochs": [1, 2, 3, 4, 5, 6, 7, 8, 9, 10], "losses": [0.24958292288439615, 0.24045691532748087, 0.2198210677930287, 0.2143180242606572, 0.21542825869151525, 0.2056181558540889, 0.20665504676955088, 0.22975961970431463, 0.2027984240225383, 0.22797486186027527]}, "CCM With Shortcut, Alpha Known=0.1, Alpha Unknown=0.1 - Train": {"epochs": [1, 2, 3, 4, 5, 6, 7, 8, 9, 10], "losses": [0.3242730922065675, 0.22589354263618588, 0.21030510030686855, 0.20800527604296803, 0.20620834548026323, 0.20347348228096962, 0.20475494023412466, 0.20505081908777356, 0.2043054150417447, 0.20079401601105928]}, "CCM With Shortcut, Alpha Known=0.1, Alpha Unknown=0.1 - Test": {"epochs": [1, 2, 3, 4, 5, 6, 7, 8, 9, 10], "losses": [0.5164758094719478, 0.5064183941909245, 0.586771445614951, 0.5545934098107475, 0.6135538050106594, 0.570414308990751, 0.5769014315945762, 0.6420431051935468, 0.48241289598601206, 0.5542894133499691]}}