{"CBM Without Shortcut, Alpha=0.001 - Train": {"epochs": [1, 2, 3, 4, 5, 6, 7, 8, 9, 10], "losses": [0.34939807653427124, 0.21590872015804052, 0.21250868681818247, 0.20978374872356653, 0.20919803390279412, 0.20312183257192373, 0.1981983680743724, 0.19691133545711637, 0.1961883413605392, 0.1953182090073824]}, "CBM Without Shortcut, Alpha=0.001 - Test": {"epochs": [1, 2, 3, 4, 5, 6, 7, 8, 9, 10], "losses": [0.2629364345754896, 0.22563550514834269, 0.23571716036115373, 0.2200890545334135, 0.2075504000697817, 0.20392834288733347, 0.21764713312898362, 0.22276014728205545, 0.2298381222145898, 0.20149817849908555]}, "CBM With Shortcut, Alpha=0.001 - Train": {"epochs": [1, 2, 3, 4, 5, 6, 7, 8, 9, 10], "losses": [0.35863631032407284, 0.2570815198123455, 0.23634636867791414, 0.22818817757070065, 0.22184815304353833, 0.22498374339193106, 0.21580870356410742, 0.2133892374113202, 0.2162659065797925, 0.21121982391923666]}, "CBM With Shortcut, Alpha=0.001 - Test": {"epochs": [1, 2, 3, 4, 5, 6, 7, 8, 9, 10], "losses": [0.5471278769629342, 0.5916509457996914, 0.6588022538593837, 0.5772802063396999, 0.5803230660302299, 0.6051044123513358, 0.6581819823810032, 0.5557239651679993, 0.5600525992257255, 0.6899917721748352]}, "CCM Without Shortcut, Alpha=0.001 - Train": {"epochs": [1, 2, 3, 4, 5, 6, 7, 8, 9, 10], "losses": [0.3842132519930601, 0.31399908009916544, 0.2925344514660537, 0.27526328060775995, 0.2666067397221923, 0.2516971002332866, 0.24103851709514856, 0.2361475001089275, 0.2342294598929584, 0.2301093703135848]}, "CCM Without Shortcut, Alpha=0.001 - Test": {"epochs": [1, 2, 3, 4, 5, 6, 7, 8, 9, 10], "losses": [0.24602174120289938, 0.23783009818622045, 0.2298079069171633, 0.22034573767866408, 0.20796859902994974, 0.19898164698055812, 0.21953205125672476, 0.19792714076382772, 0.2075744697025844, 0.19003866612911224]}, "CCM With Shortcut, Alpha=0.001 - Train": {"epochs": [1, 2, 3, 4, 5, 6, 7, 8, 9, 10], "losses": [0.3671393576078117, 0.28675524331629276, 0.27892770571634173, 0.2716398863121867, 0.2691440302878618, 0.26016816264018416, 0.2536909142509103, 0.24189880909398198, 0.2351593398489058, 0.23014703346416354]}, "CCM With Shortcut, Alpha=0.001 - Test": {"epochs": [1, 2, 3, 4, 5, 6, 7, 8, 9, 10], "losses": [0.6813501630510602, 0.6148183771542141, 0.6360410451889038, 0.5650964038712638, 0.5958478791373116, 0.5751373597553798, 0.49484503269195557, 0.6169686998639788, 0.48318413325718473, 0.6478497641427177]}}