{"CBM Without Shortcut, Alpha=0.001": {"epochs": [1, 2, 3, 4, 5, 6, 7, 8, 9, 10], "losses": [0.3813654559198767, 0.22841795557178557, 0.2165956199169159, 0.2149738995358348, 0.20843036333099008, 0.20919161662459373, 0.20581267355009913, 0.1999409133568406, 0.19740229030139744, 0.19460146105848253]}, "CBM With Shortcut, Alpha=0.001": {"epochs": [1, 2, 3, 4, 5, 6, 7, 8, 9, 10], "losses": [0.3305690409615636, 0.30856496654450893, 0.3070709859021008, 0.30642674677073956, 0.3053523479029536, 0.30556680262088776, 0.30737912002950907, 0.30135978013277054, 0.3018483854830265, 0.30297040613368154]}, "CCM Without Shortcut, Alpha=0.001": {"epochs": [1, 2, 3, 4, 5, 6, 7, 8, 9, 10], "losses": [0.4474399145692587, 0.30899613443762064, 0.2901246347464621, 0.27478442527353764, 0.2586580077186227, 0.2501472234725952, 0.2416233541443944, 0.23760060826316476, 0.23383409343659878, 0.22753529530018568]}, "CCM With Shortcut, Alpha=0.001": {"epochs": [1, 2, 3, 4, 5, 6, 7, 8, 9, 10], "losses": [0.35901667457073927, 0.33837395068258047, 0.3354606321081519, 0.33316575177013874, 0.32984963338822126, 0.3270788686349988, 0.32585726864635944, 0.3259050836786628, 0.322742429561913, 0.3218637201935053]}}