{"Correlate_with_Known, Shift=0, Alpha=0.001": {"train_losses": [1.0040217963978648, 0.4061922151595354, 0.37257637828588486, 0.3620617585256696, 0.3508880427107215, 0.33926305919885635, 0.33724355790764093, 0.3335686754435301, 0.32903628144413233, 0.3241300992667675, 0.3184167770668864, 0.3137555569410324, 0.3122425675392151, 0.3078944659791887, 0.30577430548146367, 0.30277651315554976, 0.3000345486216247, 0.2967250607907772, 0.2986132437363267, 0.2921829544939101, 0.29394806269556284, 0.2919869627803564, 0.291013915091753, 0.2894412116147578, 0.2876206310465932, 0.28712214063853025, 0.2836038079112768, 0.2808865807019174, 0.28672065353021026, 0.2841195878572762], "test_losses": [0.43954600114375353, 0.4396878434345126, 0.45368711464107037, 0.4454499939456582, 0.40491749253124, 0.45838372875005007, 0.42245662584900856, 0.3909225333482027, 0.41947285318747163, 0.4117078213021159, 0.39224022533744574, 0.44110111240297556, 0.4257774306461215, 0.40163268940523267, 0.42076422926038504, 0.4016024209558964, 0.412977984175086, 0.3929382171481848, 0.3810540554113686, 0.4277681214734912, 0.4305509105324745, 0.4644923508167267, 0.4151115408167243, 0.4251250149682164, 0.4026553248986602, 0.42551298066973686, 0.41104051237925887, 0.44989057909697294, 0.4271029494702816, 0.41561977192759514]}}