{"Correlate_with_Unknown, Shift=0, Alpha=0.001": {"train_losses": [0.3097464507445693, 0.29076008778065443, 0.2726024310104549, 0.2390293525531888, 0.2174065001308918, 0.2130781509913504, 0.1965828938409686, 0.19425252545624971, 0.18967220187187195, 0.17898400127887726, 0.1727017865050584, 0.16862907842732966, 0.16863179951906204, 0.16299933847039938, 0.16026360425166786, 0.16173098213039339, 0.16059923823922873, 0.1567268252838403, 0.15533735719509423, 0.15471311984583735, 0.15366208064369857, 0.1552286660298705, 0.1542683474253863, 0.15599614544771612, 0.1487947814166546, 0.148957721889019, 0.15419508633203804, 0.14762346260249615, 0.1467687611002475, 0.14865444973111153], "test_losses": [0.4438073690980673, 0.41891396790742874, 0.4079315261915326, 0.3570241844281554, 0.3352111866697669, 0.34463447984308004, 0.36231338046491146, 0.3443222651258111, 0.3317284947261214, 0.30785845406353474, 0.3163914028555155, 0.3071724660694599, 0.317194982431829, 0.30357787664979696, 0.32009562104940414, 0.34279940742999315, 0.3031190852634609, 0.30757479928433895, 0.32223300635814667, 0.30929909739643335, 0.3580295816063881, 0.3462061630561948, 0.3613680573180318, 0.33843266125768423, 0.35226505529135466, 0.30606590304523706, 0.33481738064438105, 0.32483390253037214, 0.3582613514736295, 0.31673829816281796]}}