{"Correlate_with_Known, Shift=0, Alpha=0.001": {"train_losses": [1.2891174964606762, 0.34185646334663033, 0.3092784285545349, 0.2970013376325369, 0.28210448706522584, 0.27726003201678395, 0.2681811568327248, 0.26296829665079713, 0.2608669842593372, 0.25869748648256063, 0.25540362764149904, 0.2508760797791183, 0.2481768587604165, 0.2436569184064865, 0.24351384164765477, 0.23979889857582748, 0.23884073086082935, 0.23526477254927158, 0.23447915725409985, 0.22882860247045755, 0.22914569964632392, 0.2341657616198063, 0.22715955693274736, 0.22752507822588086, 0.2240080190822482, 0.22283297218382359, 0.22208009008318186, 0.22643242217600346, 0.22123598493635654, 0.2245701951906085], "test_losses": [0.4819320794194937, 0.3661862341687083, 0.3527316148392856, 0.3180142305791378, 0.338993591722101, 0.3596839839592576, 0.3309679143130779, 0.33400691905990243, 0.350067300722003, 0.2987180692143738, 0.310947279445827, 0.35914858989417553, 0.3300955449230969, 0.34299089666455984, 0.34949412336573005, 0.3682074653916061, 0.3853794224560261, 0.38519679941236973, 0.3870538007467985, 0.3633055705577135, 0.37345336750149727, 0.3959567095153034, 0.3841386716812849, 0.383876227773726, 0.38175569474697113, 0.38733459124341607, 0.3551381635479629, 0.36702013947069645, 0.3853861098177731, 0.3716511260718107]}}