{"Correlate_with_Unknown, Shift=0, Alpha=0.001": {"train_losses": [0.31916041672229767, 0.3108839187771082, 0.29673445876687765, 0.2721040681935847, 0.23818747699260712, 0.2172421831637621, 0.19866700423881412, 0.19921749597415328, 0.1950078229419887, 0.18593887379392982, 0.1771653958130628, 0.17135238833725452, 0.1744066986721009, 0.16611640085466206, 0.16491643525660038, 0.1646135183982551, 0.17559383600018919, 0.1813027341850102, 0.16117379046045244, 0.15575782000087202, 0.16124468226917088, 0.16836643684655428, 0.15557821444235742, 0.15063850092701614, 0.1516559727024287, 0.15959317958913743, 0.15072437073104084, 0.15645641228184104, 0.15837190696038306, 0.152359823230654], "test_losses": [0.42288574669510126, 0.4293205728754401, 0.43140576407313347, 0.37909904308617115, 0.3496705377474427, 0.2893301537260413, 0.37861882615834475, 0.34675962664186954, 0.288273299112916, 0.35623134672641754, 0.2965286625549197, 0.34182185120880604, 0.3126205950975418, 0.35049278382211924, 0.2980034202337265, 0.33376781828701496, 0.36409734934568405, 0.3705527624115348, 0.32632370945066214, 0.31150138983502984, 0.2775330073200166, 0.3054023329168558, 0.2943670405074954, 0.3329398036003113, 0.37933356687426567, 0.2902206536382437, 0.298151399474591, 0.34694564901292324, 0.3621888402849436, 0.34956036508083344]}}