{"Correlate_with_Known, Shift=0, Alpha=0.05": {"train_losses": [0.4054293790832162, 0.35048517119139433, 0.3248725086450577, 0.30226299399510026, 0.294179898686707, 0.2856879401952028, 0.2776730479672551, 0.2701264275237918, 0.2691885866224766, 0.26787191443145275, 0.26612933399155736, 0.2700307620689273, 0.2602962553501129, 0.26024820981547236, 0.25558906933292747, 0.25699286023154855, 0.25459305197000504, 0.2517562760040164, 0.2534195873886347, 0.25211213529109955, 0.2488191919401288, 0.2473449008539319, 0.2509557595476508, 0.24445027951151133, 0.24401807505637407, 0.24701733887195587, 0.24668050603941083, 0.24379472574219108, 0.24583699321374297, 0.24759169528260827], "test_losses": [0.3194074258208275, 0.32700930908322334, 0.3219669130630791, 0.30557557428255677, 0.3100369838066399, 0.29310386488214135, 0.33273326326161623, 0.3384393905289471, 0.3342706267721951, 0.34732008958235383, 0.3063020249828696, 0.3132214341312647, 0.3503011832945049, 0.3515278552658856, 0.32975552696734667, 0.34702104702591896, 0.330601760186255, 0.3309829612262547, 0.3527379175648093, 0.3302997020073235, 0.3153976844623685, 0.3065395154990256, 0.3093846281990409, 0.3163310391828418, 0.3037812882103026, 0.3377771326340735, 0.3345474232919514, 0.3217427972704172, 0.32466851361095905, 0.3137027327902615]}}