{"Correlate_with_Unknown, Shift=0, Alpha=0.05": {"train_losses": [0.35407313983887434, 0.3379961587488651, 0.3363429354503751, 0.32839431893080473, 0.3263896768912673, 0.32586592249572277, 0.31845321133732796, 0.3124144906178117, 0.30783443711698055, 0.3040766157209873, 0.2958874935284257, 0.2930245059542358, 0.2934688194654882, 0.286509299185127, 0.28405289025977254, 0.2760024522431195, 0.2735793008469045, 0.26971410075202584, 0.2614837624132633, 0.2605384783819318, 0.2642931775189936, 0.25347653217613697, 0.2500134389847517, 0.24706830363720655, 0.24774920428171754, 0.2446831250563264, 0.23553454596549273, 0.23109320597723126, 0.22974978853017092, 0.22612038115039468], "test_losses": [0.34571562241762877, 0.35398161318153143, 0.3809157758951187, 0.36124351993203163, 0.35265658237040043, 0.34978494979441166, 0.37348839826881886, 0.4157964950427413, 0.4152458654716611, 0.3799223452806473, 0.3461961462162435, 0.33521329145878553, 0.3512946283444762, 0.2995412885211408, 0.28242573142051697, 0.30985237704589963, 0.27566729113459587, 0.24519283883273602, 0.23262831382453442, 0.31668314477428794, 0.3200416602194309, 0.2651895107701421, 0.2658655899576843, 0.30363037111237645, 0.3270749798975885, 0.2344229519367218, 0.26456876285374165, 0.320051237475127, 0.24359920248389244, 0.22051367978565395]}}