{"CBM Without Shortcut, Alpha Known=100, Alpha Unknown=100 - Train": {"epochs": [1, 2, 3, 4, 5, 6, 7, 8, 9, 10], "losses": [0.5752769270911813, 0.5739021869376302, 0.5803297441452742, 0.5799640780314803, 0.5735766654834151, 0.5719289034605026, 0.5834601148962975, 0.5790972877293825, 0.5703906677663326, 0.5757835116237402]}, "CBM Without Shortcut, Alpha Known=100, Alpha Unknown=100 - Test": {"epochs": [1, 2, 3, 4, 5, 6, 7, 8, 9, 10], "losses": [0.5509107283183506, 0.5320814039025988, 0.5562310559409005, 0.5760990806988308, 0.5458617891584124, 0.5472217500209808, 0.534722021647862, 0.5411869032042367, 0.548961307321276, 0.5620166233607701]}, "CBM With Shortcut, Alpha Known=100, Alpha Unknown=100 - Train": {"epochs": [1, 2, 3, 4, 5, 6, 7, 8, 9, 10], "losses": [0.22330367285758257, 0.2229851195588708, 0.22474176017567515, 0.22458055801689625, 0.2231708588078618, 0.22484734933823347, 0.2254783627577126, 0.22283808887004852, 0.22376965312287211, 0.22199388919398189]}, "CBM With Shortcut, Alpha Known=100, Alpha Unknown=100 - Test": {"epochs": [1, 2, 3, 4, 5, 6, 7, 8, 9, 10], "losses": [0.6938329935073853, 0.7433091998100281, 0.7306783539908273, 0.7257640191486904, 0.7227226666041783, 0.7202811581747872, 0.7237205420221601, 0.7036566138267517, 0.7206798025539943, 0.7252303276743207]}, "CCM Without Shortcut, Alpha Known=100, Alpha Unknown=100 - Train": {"epochs": [1, 2, 3, 4, 5, 6, 7, 8, 9, 10], "losses": [14.056565757840872, 4.133039966225624, 4.1700260527431965, 7.834943514317274, 7.865038368850946, 4.23122988268733, 4.263460323214531, 4.261057436466217, 4.263995826244354, 4.269973650574684]}, "CCM Without Shortcut, Alpha Known=100, Alpha Unknown=100 - Test": {"epochs": [1, 2, 3, 4, 5, 6, 7, 8, 9, 10], "losses": [0.21455629169940948, 0.19128485236849105, 0.19325205470834458, 0.20060284010001592, 0.20000384960855758, 0.19146003041948592, 0.19712520497185843, 0.206573486328125, 0.19198953679629735, 0.19950744935444423]}, "CCM With Shortcut, Alpha Known=100, Alpha Unknown=100 - Train": {"epochs": [1, 2, 3, 4, 5, 6, 7, 8, 9, 10], "losses": [12.020936572924256, 5.728167999535799, 7.148595921695232, 7.1664757169783115, 3.5718771405518055, 3.5872372910380363, 3.588998354971409, 3.5876503735780716, 3.587041437625885, 3.584781475365162]}, "CCM With Shortcut, Alpha Known=100, Alpha Unknown=100 - Test": {"epochs": [1, 2, 3, 4, 5, 6, 7, 8, 9, 10], "losses": [0.5344311254365104, 0.5442210521016803, 0.601952578340258, 0.579899685723441, 0.44223518882478985, 0.5758002655846732, 0.5737849261079516, 0.5903955272265843, 0.5231538202081408, 0.5629712513514927]}}