{"CBM Without Shortcut, Alpha=0.001, Shift=1": {"epochs": [1, 2, 3, 4, 5, 6, 7, 8, 9, 10], "train_losses": [0.5056472020223737, 0.49830088671296835, 0.4984253691509366, 0.5003037583082914, 0.5027420241385698, 0.5076147057116032, 0.5020342906937003, 0.5032324772328138, 0.49137171171605587, 0.4964048536494374], "test_losses": [0.5202605770900846, 0.5145446490496397, 0.5111872842535377, 0.5151330661028624, 0.5174283273518085, 0.5110837267711759, 0.5161826377734542, 0.513947781175375, 0.513348345644772, 0.5147483656182885]}, "CBM With Shortcut, Alpha=0.001, Shift=1": {"epochs": [1, 2, 3, 4, 5, 6, 7, 8, 9, 10], "train_losses": [0.21340379491448402, 0.21120470762252808, 0.2130675008520484, 0.21499333018437028, 0.21282520005479455, 0.21773902093991637, 0.2116992981173098, 0.21480489801615477, 0.21592574240639806, 0.211347125004977], "test_losses": [0.5271796016022563, 0.5279495222494006, 0.5276215607300401, 0.5296989995986223, 0.5204923888668418, 0.5279556987807155, 0.5339406449347734, 0.5336120445281267, 0.5274285776540637, 0.5226356564089656]}, "CCM Without Shortcut, Alpha=0.001, Shift=1": {"epochs": [1, 2, 3, 4, 5, 6, 7, 8, 9, 10], "train_losses": [0.2538754141423851, 0.20762216323055327, 0.20263233920559287, 0.20017571095377207, 0.19487666571512818, 0.1919065413530916, 0.19425631826743484, 0.19036821206100285, 0.1916748525109142, 0.18809815775603056], "test_losses": [0.2014886331744492, 0.1994353448972106, 0.19074276112951338, 0.18917507259175181, 0.1906475282739848, 0.18265832751058042, 0.1850888067856431, 0.19274061499163508, 0.18145263264887035, 0.1870378884486854]}, "CCM With Shortcut, Alpha=0.001, Shift=1": {"epochs": [1, 2, 3, 4, 5, 6, 7, 8, 9, 10], "train_losses": [0.3601285140030086, 0.2676593316718936, 0.22814251435920596, 0.21800084272399545, 0.21267038071528077, 0.20512349577620625, 0.20327206514775753, 0.2014979226514697, 0.19772464456036687, 0.19424816267564893], "test_losses": [0.6190144456923008, 0.48763266392052174, 0.492180410772562, 0.5127933751791716, 0.584783174097538, 0.5519964788109064, 0.5641838582232594, 0.5429466683417559, 0.5678123701363802, 0.6550244726240635]}}