{"CBM Without Shortcut, Alpha=0.001, Shift=4": {"epochs": [1, 2, 3, 4, 5, 6, 7, 8, 9, 10], "train_losses": [0.4932418139651418, 0.4967897906899452, 0.49353577196598053, 0.4980854978784919, 0.4940197579562664, 0.4889986412599683, 0.48864034935832024, 0.49022686295211315, 0.4950856138020754, 0.4929233556613326], "test_losses": [0.5241615492850542, 0.5264915758743882, 0.5212410287931561, 0.5132763017900288, 0.5287688449025154, 0.5162442494183779, 0.5271450821310282, 0.5242912946268916, 0.5217969426885247, 0.5191485518589616]}, "CBM With Shortcut, Alpha=0.001, Shift=4": {"epochs": [1, 2, 3, 4, 5, 6, 7, 8, 9, 10], "train_losses": [0.2136848345398903, 0.2166006239131093, 0.21332842903211713, 0.215280600823462, 0.21445365669205785, 0.2177358828485012, 0.21795875066891313, 0.21268158964812756, 0.2170162503607571, 0.2140596997924149], "test_losses": [0.550932515412569, 0.558086147531867, 0.5546545814722776, 0.5526367034763098, 0.5520586892962456, 0.559393179602921, 0.5587898613885045, 0.5563319101929665, 0.5589033709838986, 0.5534943770617247]}, "CCM Without Shortcut, Alpha=0.001, Shift=4": {"epochs": [1, 2, 3, 4, 5, 6, 7, 8, 9, 10], "train_losses": [0.24510150216519833, 0.18895695079118013, 0.18695862195454538, 0.18478022725321352, 0.18354601063765585, 0.18269681371748447, 0.18193777347914875, 0.1824661116115749, 0.18339591287076473, 0.18214096873998642], "test_losses": [0.2418742012232542, 0.2380423708818853, 0.2160529517568648, 0.2399065112695098, 0.24252688698470592, 0.232406007591635, 0.2745369612239301, 0.21200530929490924, 0.2415417144075036, 0.22133581899106503]}, "CCM With Shortcut, Alpha=0.001, Shift=4": {"epochs": [1, 2, 3, 4, 5, 6, 7, 8, 9, 10], "train_losses": [0.30810446850955486, 0.21040538745000958, 0.20035849418491125, 0.19977266062051058, 0.19875918561592698, 0.19573067827150226, 0.19863117346540093, 0.1932939919643104, 0.19104642514139414, 0.194897357840091], "test_losses": [0.6632102318108082, 0.6249761376529932, 0.6590743903070688, 0.6206019166857004, 0.6163228061050177, 0.6839478630572557, 0.643707761541009, 0.6092489138245583, 0.6217632573097944, 0.6998670380562544]}}