{"CBM Without Shortcut, Alpha Known=10, Alpha Unknown=10 - Train": {"epochs": [1, 2, 3, 4, 5, 6, 7, 8, 9, 10], "losses": [0.5752046639099717, 0.5733669986948371, 0.5773163894191384, 0.5792546644806862, 0.5770761854946613, 0.5817082608118653, 0.5804478414356709, 0.5791299762204289, 0.5744451619684696, 0.5759100392460823]}, "CBM Without Shortcut, Alpha Known=10, Alpha Unknown=10 - Test": {"epochs": [1, 2, 3, 4, 5, 6, 7, 8, 9, 10], "losses": [0.6164745773587909, 0.6231810620852879, 0.6065861795629773, 0.6160629349095481, 0.6333408611161369, 0.6510062941483089, 0.6324233753340585, 0.6164187703813825, 0.6362403460911342, 0.6425520777702332]}, "CBM With Shortcut, Alpha Known=10, Alpha Unknown=10 - Train": {"epochs": [1, 2, 3, 4, 5, 6, 7, 8, 9, 10], "losses": [0.21952861361205578, 0.2209281250834465, 0.2217625267803669, 0.21893179579637945, 0.22282064892351627, 0.22150083165615797, 0.220926227979362, 0.22084248065948486, 0.22317813243716955, 0.22245380422100425]}, "CBM With Shortcut, Alpha Known=10, Alpha Unknown=10 - Test": {"epochs": [1, 2, 3, 4, 5, 6, 7, 8, 9, 10], "losses": [0.5793618644986834, 0.5958437919616699, 0.6076375671795436, 0.5783476105758122, 0.5966336641992841, 0.5941621150289264, 0.5992758018629891, 0.5979465842247009, 0.5999546136174884, 0.5644294747284481]}, "CCM Without Shortcut, Alpha Known=10, Alpha Unknown=10 - Train": {"epochs": [1, 2, 3, 4, 5, 6, 7, 8, 9, 10], "losses": [2.3732284670695662, 1.2171399807557464, 0.8610082194209099, 0.5006124163046479, 0.5072197164408863, 0.5012409021146595, 0.49998479103669524, 0.4989959434606135, 0.4953866438008845, 0.489855894818902]}, "CCM Without Shortcut, Alpha Known=10, Alpha Unknown=10 - Test": {"epochs": [1, 2, 3, 4, 5, 6, 7, 8, 9, 10], "losses": [0.19223696632044657, 0.16889599710702896, 0.16856120101043157, 0.19223301325525557, 0.18409106986863272, 0.19095193488257273, 0.1808589462723051, 0.1892488556248801, 0.1757973177092416, 0.17309107312134334]}, "CCM With Shortcut, Alpha Known=10, Alpha Unknown=10 - Train": {"epochs": [1, 2, 3, 4, 5, 6, 7, 8, 9, 10], "losses": [1.500238192267716, 0.9545851796865463, 0.967369457706809, 0.8732244782149792, 0.877427913248539, 0.8803333342075348, 0.9330119211226702, 0.9190005324780941, 0.8207410415634513, 0.8543677804991603]}, "CCM With Shortcut, Alpha Known=10, Alpha Unknown=10 - Test": {"epochs": [1, 2, 3, 4, 5, 6, 7, 8, 9, 10], "losses": [0.5699089765548706, 0.592253599848066, 0.481610255581992, 0.6285373227936881, 0.6080545272145953, 0.5983734130859375, 0.6507248623030526, 0.7310491630009243, 0.5978032435689654, 0.6359039289610726]}}