{"Correlate_with_Unknown, Shift=0, Alpha=0.01": {"train_losses": [0.34391692001372576, 0.336108623072505, 0.3323034280911088, 0.32971509359776974, 0.323423994705081, 0.29827275313436985, 0.24495037039741874, 0.22366717411205173, 0.21970722684636712, 0.2162803797982633, 0.20963387424126267, 0.2011049031279981, 0.2025587372481823, 0.1957597080618143, 0.19786212965846062, 0.19697088235989213, 0.19530411204323173, 0.19497577426955104, 0.18449932779185474, 0.1807949743233621, 0.18584554642438889, 0.1755522764287889, 0.17467591585591435, 0.17612567730247974, 0.17833926901221275, 0.18078630743548274, 0.17726753349415958, 0.17394176893867552, 0.17279871087521315, 0.17056673835031688], "test_losses": [0.3728423286229372, 0.3719988316297531, 0.36622623819857836, 0.3497383538633585, 0.3547097519040108, 0.3255552910268307, 0.2656445596367121, 0.2883148090913892, 0.2336746035143733, 0.3016738723963499, 0.2513974215835333, 0.4088959824293852, 0.28215141128748655, 0.28676517866551876, 0.2765972656197846, 0.24911702889949083, 0.2719986354932189, 0.23099594283849, 0.22392415208742023, 0.30231399508193135, 0.24513529054820538, 0.28993490571156144, 0.2996430015191436, 0.2767825862392783, 0.3168109874241054, 0.30955381225794554, 0.2755145914852619, 0.252439443487674, 0.24088655645027757, 0.2802682504989207]}}