{"Correlate_with_Known, Shift=0, Alpha=0.01": {"train_losses": [0.4752924209460616, 0.42653035186231136, 0.4050340848043561, 0.39418179355561733, 0.3848525695502758, 0.3793017389252782, 0.3747321190312505, 0.36589804105460644, 0.3619652995839715, 0.3574004229158163, 0.35531166940927505, 0.3534448305144906, 0.3498752834275365, 0.34763829968869686, 0.34391145687550306, 0.34467881359159946, 0.3416921002790332, 0.33815719839185476, 0.33876493759453297, 0.33624361641705036, 0.3365499712526798, 0.33522808365523815, 0.33240319322794676, 0.33329091500490904, 0.32902110926806927, 0.33028353471308947, 0.3285069018602371, 0.32991483993828297, 0.32689740415662527, 0.32844650093466043], "test_losses": [0.5300287818536162, 0.4307565912604332, 0.5038670906797051, 0.4452685946598649, 0.44571327278390527, 0.4281558431684971, 0.3983667390421033, 0.4001377783715725, 0.40112427808344364, 0.4078533723950386, 0.38640367053449154, 0.36580346524715424, 0.35894533433020115, 0.3966614492237568, 0.3791675390675664, 0.391978457570076, 0.4077881630510092, 0.4100304152816534, 0.36510368157178164, 0.3633973663672805, 0.36468427814543247, 0.3660986330360174, 0.38852443266659975, 0.37398172728717327, 0.37819273862987757, 0.37553860805928707, 0.3834547782316804, 0.39270249754190445, 0.3726422479376197, 0.37703556288033724]}}