{"CBM Without Shortcut, Alpha=0.01 - Train": {"epochs": [1, 2, 3, 4, 5, 6, 7, 8, 9, 10], "losses": [0.6189196910709143, 0.6241151141002774, 0.6183014623820782, 0.6201970111578703, 0.6212208895012736, 0.6196723375469446, 0.6240467829629779, 0.6256553139537573, 0.6173546314239502, 0.6190271377563477]}, "CBM Without Shortcut, Alpha=0.01 - Test": {"epochs": [1, 2, 3, 4, 5, 6, 7, 8, 9, 10], "losses": [0.603958751474108, 0.5857035943440029, 0.5747646306242261, 0.5741308501788548, 0.6202986410685948, 0.6176374810082572, 0.6032488431249347, 0.5863538469587054, 0.5764736746038709, 0.596078885453088]}, "CBM With Shortcut, Alpha=0.01 - Train": {"epochs": [1, 2, 3, 4, 5, 6, 7, 8, 9, 10], "losses": [0.1990408282727003, 0.20199538953602314, 0.19989618565887213, 0.19717040238901973, 0.20030328026041389, 0.19888931652531028, 0.199007507879287, 0.19833184033632278, 0.1983277192339301, 0.19744650041684508]}, "CBM With Shortcut, Alpha=0.01 - Test": {"epochs": [1, 2, 3, 4, 5, 6, 7, 8, 9, 10], "losses": [0.6373840059552874, 0.6420532805579049, 0.6333293574196952, 0.6220037085669381, 0.6322104419980731, 0.6545986448015485, 0.6446138620376587, 0.6305336952209473, 0.6029316357203892, 0.6373348236083984]}, "CCM Without Shortcut, Alpha=0.01 - Train": {"epochs": [1, 2, 3, 4, 5, 6, 7, 8, 9, 10], "losses": [0.4957032948732376, 0.4233192326501012, 0.3922760058194399, 0.3698262330144644, 0.3510802537202835, 0.3438724288716912, 0.3268940122798085, 0.31624075630679727, 0.3075146097689867, 0.3001739075407386]}, "CCM Without Shortcut, Alpha=0.01 - Test": {"epochs": [1, 2, 3, 4, 5, 6, 7, 8, 9, 10], "losses": [0.22911625249045237, 0.2121804654598236, 0.2068335392645427, 0.2071418102298464, 0.19798349695546286, 0.20067959598132543, 0.2068851696593421, 0.2127520271709987, 0.21110327967575618, 0.198284455708095]}, "CCM With Shortcut, Alpha=0.01 - Train": {"epochs": [1, 2, 3, 4, 5, 6, 7, 8, 9, 10], "losses": [0.444629343226552, 0.37688254192471504, 0.3508987659588456, 0.32632508873939514, 0.310987058095634, 0.30067249294370413, 0.298845159355551, 0.2950492580421269, 0.2831708211451769, 0.2801013053394854]}, "CCM With Shortcut, Alpha=0.01 - Test": {"epochs": [1, 2, 3, 4, 5, 6, 7, 8, 9, 10], "losses": [0.39243473751204355, 0.4210602215358189, 0.46922401445252554, 0.45452508330345154, 0.5978044697216579, 0.4616581116403852, 0.4917342407362802, 0.4646680951118469, 0.5535820722579956, 0.5042977545942579]}}