{"Correlate_with_Known, Shift=0, Alpha=0.01": {"train_losses": [0.42746867425739765, 0.3789893267676234, 0.3641890548169613, 0.3507305649109185, 0.3393411813303828, 0.3289656890556216, 0.31915435940027237, 0.3124902006238699, 0.30927812261506915, 0.3027822123840451, 0.29807186033576727, 0.29480945970863104, 0.29244721168652177, 0.28988646576181054, 0.28623148892074823, 0.28496838128194213, 0.28337685903534293, 0.2813620497472584, 0.2798763010650873, 0.27631806023418903, 0.27309792255982757, 0.27582564018666744, 0.27346405666321516, 0.2722290875390172, 0.26913038128986955, 0.26629959093406796, 0.26484740572050214, 0.2665620045736432, 0.26639683265239, 0.2629621746018529], "test_losses": [0.3533383207395673, 0.37175955064594746, 0.384152065962553, 0.3882214277982712, 0.34987196419388056, 0.3569945590570569, 0.34261469915509224, 0.33606764348223805, 0.32688871677964926, 0.32405158970505, 0.3201171183027327, 0.32161711622029543, 0.31686978600919247, 0.32699906593188643, 0.32581114303320646, 0.3308475464582443, 0.31970312586054206, 0.31753298128023744, 0.3319324776530266, 0.31394636537879705, 0.31664135539904237, 0.3233697540126741, 0.32351729227229953, 0.3070218716748059, 0.31219193479046226, 0.3052696557715535, 0.31923682568594813, 0.2991967862471938, 0.3088888432830572, 0.30715517280623317]}}