{"Correlate_with_Unknown, Shift=0, Alpha=0.01": {"train_losses": [0.3319472763687372, 0.3206063499674201, 0.30407280987128615, 0.26352436700835824, 0.22108168387785554, 0.19795357156544924, 0.18861727230250835, 0.18493741797283292, 0.18490930390544236, 0.17960866657085717, 0.17783380579203367, 0.17868988309055567, 0.1819833181798458, 0.17226435616612434, 0.173936128616333, 0.16873340727761388, 0.17048248508945107, 0.1718835737556219, 0.16729087638668716, 0.16696743993088603, 0.1702364943921566, 0.16388982417993248, 0.1701819058507681, 0.16545547591522336, 0.16331368614919484, 0.16261108638718724, 0.16181780770421028, 0.1608564427588135, 0.1641833942849189, 0.16296888538636267], "test_losses": [0.3789471825584769, 0.4107759715989232, 0.44640646036714315, 0.2988523286767304, 0.26819849293679, 0.2420220342464745, 0.23851953959092498, 0.30519788805395365, 0.27466304367408156, 0.2951587466523051, 0.2620029719546437, 0.2521455893293023, 0.24367856606841087, 0.20809426484629512, 0.24504267354495823, 0.24623914808034897, 0.2888173065148294, 0.3130986229516566, 0.3411128968000412, 0.290627627633512, 0.26690916204825044, 0.22943966882303357, 0.27970690932124853, 0.29404577519744635, 0.23606216767802835, 0.24853705568239093, 0.2753694159910083, 0.29239920852705836, 0.30373450461775064, 0.2323645972646773]}}