{"CCM EYE With Shortcut, Alpha=0.01, Shift=0": {"epochs": [1, 2, 3, 4, 5, 6, 7, 8, 9, 10, 11, 12, 13, 14, 15, 16, 17, 18, 19, 20, 21, 22, 23, 24, 25, 26, 27, 28, 29, 30, 31, 32, 33, 34, 35, 36, 37, 38, 39, 40, 41, 42, 43, 44, 45, 46, 47, 48, 49, 50], "train_losses": [2.1887398697435856, 1.2133748531341553, 0.9375746306031942, 0.7844484783709049, 0.668715089559555, 0.5777490772306919, 0.5080335009843111, 0.4636648502200842, 0.4284627940505743, 0.40094234235584736, 0.3746508117765188, 0.35274918703362346, 0.338696020655334, 0.31474479008466005, 0.3019451079890132, 0.2892918847501278, 0.27915218751877546, 0.27000625478103757, 0.26537152333185077, 0.25967710046097636, 0.2558633559383452, 0.25047413632273674, 0.2485728533938527, 0.24773418623954058, 0.2433595173060894, 0.23717236751690507, 0.23603330133482814, 0.2325310311280191, 0.22987465048208833, 0.22789209289476275, 0.2263776552863419, 0.22478331392630935, 0.22252204455435276, 0.21771883592009544, 0.22463111719116569, 0.21988480910658836, 0.22207186138257384, 0.2150607407093048, 0.2147300699725747, 0.2114666374400258, 0.2116326754912734, 0.21217061625793576, 0.21185349207371473, 0.21104855882003903, 0.20895757526159286, 0.21159209171310067, 0.20836256677284837, 0.20596634643152356, 0.20505322935059667, 0.20204310328699648], "test_losses": [0.17067238967865705, 0.8126324694603682, 0.7463376652449369, 0.8138143550604582, 0.7296323850750923, 0.7110283188521862, 0.7223086357116699, 0.7575102690607309, 0.7757825516164303, 0.7180661745369434, 0.6457504406571388, 0.7744782213121653, 0.7901856172829866, 0.7277153804898262, 0.7199200410395861, 0.7248219158500433, 0.7638967707753181, 0.6949156615883112, 0.7505843453109264, 0.6934743151068687, 0.7085063047707081, 0.743409113958478, 0.772803170606494, 0.7374971322715282, 0.769356207922101, 0.7539841011166573, 0.7282005455344915, 0.7715222351253033, 0.8275231085717678, 0.8009439818561077, 0.7544435020536184, 0.8054186515510082, 0.7418992258608341, 0.8336984496563673, 0.8094985764473677, 0.7146552000194788, 0.8365768566727638, 0.7775981035083532, 0.7359488233923912, 0.8670082353055477, 0.8135283086448908, 0.7323959264904261, 0.644563490524888, 0.8432898465543985, 0.7728811837732792, 0.715532548725605, 0.6375785991549492, 0.7358025498688221, 0.7106872964650393, 0.8202989641577005]}, "CCM EYE With Shortcut, Alpha=0.01, Shift=1": {"epochs": [1, 2, 3, 4, 5, 6, 7, 8, 9, 10, 11, 12, 13, 14, 15, 16, 17, 18, 19, 20, 21, 22, 23, 24, 25, 26, 27, 28, 29, 30, 31, 32, 33, 34, 35, 36, 37, 38, 39, 40, 41, 42, 43, 44, 45, 46, 47, 48, 49, 50], "train_losses": [0.15953682432882488, 0.1577058476395905, 0.15602022502571344, 0.1608049727510661, 0.15732595650479198, 0.15590221737511456, 0.16130587784573436, 0.15589073579758406, 0.15702611696906388, 0.1583187230862677, 0.15858333860524, 0.16016259673051536, 0.1555272697005421, 0.1547710793092847, 0.16078976169228554, 0.16064487677067518, 0.15510199195705354, 0.16193110891617835, 0.155029630754143, 0.15424989676102996, 0.158567565260455, 0.1564910861197859, 0.15670696855522692, 0.15845607966184616, 0.15532368258573115, 0.154528928687796, 0.15336394379846752, 0.15904408134520054, 0.1559294923208654, 0.15530672878958285, 0.15533703612163663, 0.15783451008610427, 0.15306633966974914, 0.15383518999442458, 0.1577213630080223, 0.15886650746688247, 0.15675735170952976, 0.15572865610010922, 0.1558451687451452, 0.15416895621456206, 0.15309436083771288, 0.1547411228530109, 0.15320784621872008, 0.15608376474119723, 0.15174857317470014, 0.15235910145565867, 0.1541248040739447, 0.1544557858724147, 0.15209314064122736, 0.15493559674359858], "test_losses": [0.964382765814662, 1.0018795672804117, 1.0438782013952732, 0.945409132167697, 0.990370424464345, 1.0027174707502127, 0.9555058870464563, 0.9982980098575354, 0.9030345920473337, 0.9851042740046978, 0.983585262671113, 0.9616303835064173, 0.9466968439519405, 1.066832810640335, 0.9222235027700663, 0.9801728203892708, 0.9039152152836323, 0.8792543690651655, 0.9525689352303743, 0.9920181091874838, 0.9244285896420479, 0.9784937221556902, 0.9272265639156103, 0.9390580598264933, 0.9908916149288416, 0.9997979626059532, 0.907005075365305, 0.9704270493239164, 0.9547485485672951, 1.0038842093199492, 1.012464540079236, 0.9864605255424976, 0.8930962365120649, 0.9840847924351692, 0.9944191314280033, 0.9217822104692459, 0.9785973578691483, 0.9311093967407942, 0.9540598206222057, 1.0367654375731945, 0.9980945456773043, 0.9809816665947437, 1.0455152802169323, 0.9908764138817787, 1.0092082899063826, 0.9709141850471497, 0.9224514048546553, 0.9566175267100334, 0.9784069899469614, 0.9910263959318399]}, "CCM EYE With Shortcut, Alpha=0.01, Shift=2": {"epochs": [1, 2, 3, 4, 5, 6, 7, 8, 9, 10, 11, 12, 13, 14, 15, 16, 17, 18, 19, 20, 21, 22, 23, 24, 25, 26, 27, 28, 29, 30, 31, 32, 33, 34, 35, 36, 37, 38, 39, 40, 41, 42, 43, 44, 45, 46, 47, 48, 49, 50], "train_losses": [0.13668276323005557, 0.138174680294469, 0.13545897440053523, 0.1365984093863517, 0.134746064664796, 0.1341519735287875, 0.13417308940552175, 0.13780748890712857, 0.13961019413545728, 0.13555876119062304, 0.139552041888237, 0.1337688062340021, 0.13633923698216677, 0.13400896592065692, 0.13440276496112347, 0.1345392344519496, 0.13375297072343528, 0.13399011292494833, 0.1339044792111963, 0.1336967593524605, 0.13628020184114575, 0.13440766627900302, 0.13579585799016058, 0.13583229901269078, 0.13606095896102488, 0.1335109556093812, 0.13668749970383942, 0.13654347299598157, 0.13591657322831452, 0.1339047229848802, 0.13364845677278936, 0.1335158166475594, 0.13465838599950075, 0.1331955213099718, 0.13616042211651802, 0.13351854495704174, 0.13282735389657319, 0.1331906565465033, 0.13536217715591192, 0.13348408695310354, 0.13342641340568662, 0.13325314060784876, 0.1331837975885719, 0.13272836455143988, 0.14054610137827694, 0.1347777140326798, 0.13585354969836771, 0.1381976492702961, 0.13290822738781571, 0.1329734195023775], "test_losses": [1.0445606112480164, 1.0905062146484852, 1.048208549618721, 1.010675823315978, 1.0647603087127209, 1.029894009232521, 1.0099052265286446, 1.0495382510125637, 1.0658238716423512, 0.9899021275341511, 1.023475643247366, 1.046045921742916, 0.9604114573448896, 1.0765978135168552, 1.000057015568018, 0.9777255970984697, 0.9705716297030449, 1.016608202829957, 1.0194247104227543, 1.0634444057941437, 1.0677470527589321, 1.00347132794559, 0.9744009710848331, 0.944554915651679, 0.9904100373387337, 0.9763036109507084, 1.0414374321699142, 1.0411076471209526, 0.9897085465490818, 1.0601640120148659, 1.048332590609789, 1.0916841924190521, 1.0019398145377636, 0.9856183677911758, 1.005815800279379, 1.0249748937785625, 1.010652095079422, 1.0554066449403763, 1.0615813955664635, 0.9706382676959038, 0.9964898973703384, 0.9655405078083277, 0.9787432383745909, 0.9426881670951843, 0.9346216171979904, 0.962549589574337, 1.0299178697168827, 0.9562145676463842, 1.0336734727025032, 1.0053304117172956]}, "CCM EYE With Shortcut, Alpha=0.01, Shift=3": {"epochs": [1, 2, 3, 4, 5, 6, 7, 8, 9, 10, 11, 12, 13, 14, 15, 16, 17, 18, 19, 20, 21, 22, 23, 24, 25, 26, 27, 28, 29, 30, 31, 32, 33, 34, 35, 36, 37, 38, 39, 40, 41, 42, 43, 44, 45, 46, 47, 48, 49, 50],