{"CBM Without Shortcut": {"epochs": [1, 2, 3, 4, 5, 6, 7, 8, 9, 10], "losses": [0.7894134372472763, 0.675421804189682, 0.5798076968640089, 0.4968561716377735, 0.4592764191329479, 0.4365309737622738, 0.44371568132191896, 0.4341138731688261, 0.43828323809430003, 0.4481029435992241]}, "CBM With Shortcut": {"epochs": [1, 2, 3, 4, 5, 6, 7, 8, 9, 10], "losses": [0.8120728339999914, 0.7039548028260469, 0.6894903387874365, 0.6878617778420448, 0.6877189390361309, 0.687468646094203, 0.6866694558411837, 0.6878986861556768, 0.6885909475386143, 0.6875436808913946]}, "CCM Without Shortcut": {"epochs": [1, 2, 3, 4, 5, 6, 7, 8, 9, 10], "losses": [0.6117118690162897, 0.521233013831079, 0.4538797689601779, 0.35438887402415276, 0.1823560302145779, 0.07703059437335469, 0.023474728237488307, 0.00598824104963569, 0.002697749383514747, 0.0015300468066925532]}, "CCM With Shortcut": {"epochs": [1, 2, 3, 4, 5, 6, 7, 8, 9, 10], "losses": [1.2068967893719673, 0.5982267074286938, 0.5478113926947117, 0.5362713746726513, 0.5391263533383608, 0.5401585763320327, 0.5342268394306302, 0.5314599685370922, 0.5291294837370515, 0.534421743825078]}}