{"CBM Without Shortcut, Alpha=0.001, Shift=0": {"epochs": [1, 2, 3, 4, 5, 6, 7, 8, 9, 10], "train_losses": [0.3199024221394211, 0.2097662843298167, 0.20073064439930022, 0.19979771599173546, 0.195476669119671, 0.1912234304472804, 0.18449447071179748, 0.1823023371398449, 0.1817814060486853, 0.17975409887731075], "test_losses": [0.2277810820378363, 0.2101019350811839, 0.20364609640091658, 0.20064403442665935, 0.19735902547836304, 0.1913752278778702, 0.1925616734661162, 0.18966955575160682, 0.18537590140476823, 0.1847913614474237]}, "CBM With Shortcut, Alpha=0.001, Shift=0": {"epochs": [1, 2, 3, 4, 5, 6, 7, 8, 9, 10], "train_losses": [0.3727428298443556, 0.2794546321965754, 0.24840175826102495, 0.22762525640428066, 0.21466726763173938, 0.21075948188081384, 0.2038341760635376, 0.20459824474528432, 0.2019525426439941, 0.20040134014561772], "test_losses": [0.41181334387511015, 0.5132701611146331, 0.479540572501719, 0.5306648053228855, 0.6319671850651503, 0.6259687338024378, 0.5640880605205894, 0.5727579575031996, 0.5960884746164083, 0.5152784073725343]}, "CCM Without Shortcut, Alpha=0.001, Shift=0": {"epochs": [1, 2, 3, 4, 5, 6, 7, 8, 9, 10], "train_losses": [0.4591150404885411, 0.3025482869707048, 0.272849652916193, 0.2604364948347211, 0.24591114232316613, 0.23569654813036323, 0.22531749308109283, 0.22287634201347828, 0.22279841685667634, 0.21206274186260998], "test_losses": [0.22842903062701225, 0.2092487718909979, 0.20191022800281644, 0.19931703386828303, 0.19655937794595957, 0.19226522743701935, 0.1940146938432008, 0.19021369609981775, 0.18697160575538874, 0.187421343754977]}, "CCM With Shortcut, Alpha=0.001, Shift=0": {"epochs": [1, 2, 3, 4, 5, 6, 7, 8, 9, 10], "train_losses": [0.35753482580184937, 0.3045111643150449, 0.2968158829025924, 0.2912697815336287, 0.28714479226619005, 0.2792922565713525, 0.2683345712721348, 0.25684521347284317, 0.2451035026460886, 0.23648956278339028], "test_losses": [0.5240587340667844, 0.47762677632272243, 0.4740296257659793, 0.4588314313441515, 0.40594350174069405, 0.44308358151465654, 0.4761818749830127, 0.5401201751083136, 0.46233669109642506, 0.48143831733614206]}}