{"CBM Without Shortcut, Alpha Known=0.01, Alpha Unknown=0.01 - Train": {"epochs": [1, 2, 3, 4, 5, 6, 7, 8, 9, 10], "losses": [0.5890475623309612, 0.5934709999710321, 0.5906488792970777, 0.5894478736445308, 0.5946697872132063, 0.5896234847605228, 0.5864453241229057, 0.5887148836627603, 0.5921883005648851, 0.5871722074225545]}, "CBM Without Shortcut, Alpha Known=0.01, Alpha Unknown=0.01 - Test": {"epochs": [1, 2, 3, 4, 5, 6, 7, 8, 9, 10], "losses": [0.5549137592315674, 0.5672058718545097, 0.5469229859965188, 0.5418584559644971, 0.5512528419494629, 0.5562870843069894, 0.5551294769559588, 0.5621208122798375, 0.558678218296596, 0.5695649130003793]}, "CBM With Shortcut, Alpha Known=0.01, Alpha Unknown=0.01 - Train": {"epochs": [1, 2, 3, 4, 5, 6, 7, 8, 9, 10], "losses": [0.21478562289848924, 0.21361923264339566, 0.21552044246345758, 0.21545733464881778, 0.2173690414056182, 0.2130460855551064, 0.21730237221345305, 0.2158743441104889, 0.21481540519744158, 0.2169532715342939]}, "CBM With Shortcut, Alpha Known=0.01, Alpha Unknown=0.01 - Test": {"epochs": [1, 2, 3, 4, 5, 6, 7, 8, 9, 10], "losses": [0.5956230078424726, 0.6358200822557721, 0.607725373336247, 0.6035673277718681, 0.600430292742593, 0.5954542074884687, 0.5967796870640346, 0.5983842781611851, 0.6131575107574463, 0.6127585087503705]}, "CCM Without Shortcut, Alpha Known=0.01, Alpha Unknown=0.01 - Train": {"epochs": [1, 2, 3, 4, 5, 6, 7, 8, 9, 10], "losses": [0.43675580248236656, 0.32753174751996994, 0.3157562715932727, 0.29777334816753864, 0.28667475329712033, 0.27848856756463647, 0.26661979546770453, 0.2578804399818182, 0.2501987237483263, 0.2456524409353733]}, "CCM Without Shortcut, Alpha Known=0.01, Alpha Unknown=0.01 - Test": {"epochs": [1, 2, 3, 4, 5, 6, 7, 8, 9, 10], "losses": [0.18968310526439122, 0.18551971231188094, 0.18400537754808152, 0.1916921798671995, 0.1955194686140333, 0.18106639172349656, 0.18319667450019292, 0.19097199610301427, 0.18844676656382425, 0.1846758531672614]}, "CCM With Shortcut, Alpha Known=0.01, Alpha Unknown=0.01 - Train": {"epochs": [1, 2, 3, 4, 5, 6, 7, 8, 9, 10], "losses": [0.40639687702059746, 0.3285237234085798, 0.2867619041353464, 0.2575511881150305, 0.2468999046832323, 0.24017014680430293, 0.23207178246229887, 0.2299131411127746, 0.23396159755066037, 0.21990622347220778]}, "CCM With Shortcut, Alpha Known=0.01, Alpha Unknown=0.01 - Test": {"epochs": [1, 2, 3, 4, 5, 6, 7, 8, 9, 10], "losses": [0.4252465622765677, 0.4720358635698046, 0.5085317364760807, 0.5528562835284642, 0.6018169777733939, 0.5473881363868713, 0.46591568844658987, 0.46459154571805683, 0.4782977317060743, 0.5760909404073443]}}