{"CBM Without Shortcut, Alpha Known=1, Alpha Unknown=1 - Train": {"epochs": [1, 2, 3, 4, 5, 6, 7, 8, 9, 10], "losses": [0.579023758880794, 0.5803800309076905, 0.5787185048684478, 0.5833036713302135, 0.5755675574764609, 0.5769466292113066, 0.5723878256976604, 0.5883874725550413, 0.5774234905838966, 0.5804131673648953]}, "CBM Without Shortcut, Alpha Known=1, Alpha Unknown=1 - Test": {"epochs": [1, 2, 3, 4, 5, 6, 7, 8, 9, 10], "losses": [0.5856510315622602, 0.602230327469962, 0.5929790309497288, 0.5859594685690743, 0.5755300010953631, 0.6033499922071185, 0.6021170275551933, 0.5813799841063363, 0.5899821094104222, 0.5856053573744637]}, "CBM With Shortcut, Alpha Known=1, Alpha Unknown=1 - Train": {"epochs": [1, 2, 3, 4, 5, 6, 7, 8, 9, 10], "losses": [0.22059157630428672, 0.2186873210594058, 0.21871090028434992, 0.22042653895914555, 0.21980247693136334, 0.21862377831712365, 0.22000780189409852, 0.22060415102168918, 0.22047244058921933, 0.2204614281654358]}, "CBM With Shortcut, Alpha Known=1, Alpha Unknown=1 - Test": {"epochs": [1, 2, 3, 4, 5, 6, 7, 8, 9, 10], "losses": [0.560389791216169, 0.5647082201072148, 0.570709092276437, 0.556668758392334, 0.5396422488348824, 0.5622141786984035, 0.5605531249727521, 0.5562878336225238, 0.5675273197037833, 0.5646996753556388]}, "CCM Without Shortcut, Alpha Known=1, Alpha Unknown=1 - Train": {"epochs": [1, 2, 3, 4, 5, 6, 7, 8, 9, 10], "losses": [0.4131979034282267, 0.24310957733541727, 0.23668091371655464, 0.23422241769731045, 0.23324887081980705, 0.2326903366483748, 0.23033149912953377, 0.22806440386921167, 0.23063337057828903, 0.22733777156099677]}, "CCM Without Shortcut, Alpha Known=1, Alpha Unknown=1 - Test": {"epochs": [1, 2, 3, 4, 5, 6, 7, 8, 9, 10], "losses": [0.23839135893753596, 0.23057949117251805, 0.22063117580754416, 0.22818475748811448, 0.20659498976809637, 0.2096338506255831, 0.21072146509374892, 0.2143284273999078, 0.23007147439888545, 0.20342645049095154]}, "CCM With Shortcut, Alpha Known=1, Alpha Unknown=1 - Train": {"epochs": [1, 2, 3, 4, 5, 6, 7, 8, 9, 10], "losses": [0.39157338067889214, 0.2760514705441892, 0.25628418708220124, 0.2630038266070187, 0.2675962815992534, 0.24594534002244473, 0.26463677268475294, 0.2532022800296545, 0.25664025032892823, 0.26172290509566665]}, "CCM With Shortcut, Alpha Known=1, Alpha Unknown=1 - Test": {"epochs": [1, 2, 3, 4, 5, 6, 7, 8, 9, 10], "losses": [0.6113794786589486, 0.6649578213691711, 0.6367943797792707, 0.6518996145044055, 0.694370414529528, 0.702185469014304, 0.7099694609642029, 0.5627411774226597, 0.6849965964044843, 0.6928352798734393]}}