{"CBM Without Shortcut, Alpha=10 - Train": {"epochs": [1, 2, 3, 4, 5, 6, 7, 8, 9, 10], "losses": [0.6053296346217394, 0.604584856890142, 0.5954587357118726, 0.5960079208016396, 0.6013573221862316, 0.6011012783274055, 0.6001113392412663, 0.6001130538061261, 0.5971896518021822, 0.6008378583937883]}, "CBM Without Shortcut, Alpha=10 - Test": {"epochs": [1, 2, 3, 4, 5, 6, 7, 8, 9, 10], "losses": [0.6833140168871198, 0.6511190533638, 0.6436113374573844, 0.6387833825179509, 0.6497024297714233, 0.677797828401838, 0.640782756464822, 0.6725520321301052, 0.6347877255507878, 0.6695237840924945]}, "CBM With Shortcut, Alpha=10 - Train": {"epochs": [1, 2, 3, 4, 5, 6, 7, 8, 9, 10], "losses": [0.2014436456374824, 0.20157063426449895, 0.20361123699694872, 0.20285815373063087, 0.2015497088432312, 0.2001240672543645, 0.20383513905107975, 0.20038368506357074, 0.2033758033066988, 0.20142991887405515]}, "CBM With Shortcut, Alpha=10 - Test": {"epochs": [1, 2, 3, 4, 5, 6, 7, 8, 9, 10], "losses": [0.617421737739018, 0.637129715510777, 0.6361255816050938, 0.6581072892461505, 0.6161498767989022, 0.6329124910490853, 0.631953409739903, 0.645838235105787, 0.6170004776545933, 0.6128867864608765]}, "CCM Without Shortcut, Alpha=10 - Train": {"epochs": [1, 2, 3, 4, 5, 6, 7, 8, 9, 10], "losses": [1.5392306102439761, 1.0993841234594584, 1.0407841112464666, 1.0137034840881824, 1.2913071885704994, 1.3141769021749496, 1.3261441588401794, 1.3158302120864391, 1.3176209162920713, 1.3259054888039827]}, "CCM Without Shortcut, Alpha=10 - Test": {"epochs": [1, 2, 3, 4, 5, 6, 7, 8, 9, 10], "losses": [0.29073489350931986, 0.3378073913710458, 0.2977116512400763, 0.29390585103205275, 0.3161928185394832, 0.30515554547309875, 0.32523823210171293, 0.32779630592891146, 0.3023765449013029, 0.31757971218654085]}, "CCM With Shortcut, Alpha=10 - Train": {"epochs": [1, 2, 3, 4, 5, 6, 7, 8, 9, 10], "losses": [1.5966757340356708, 0.6894581988453865, 0.6868326039984822, 0.6824687924236059, 0.6835578223690391, 0.6863566692918539, 0.6850656438618898, 0.6851702388375998, 0.6876566894352436, 0.6854622773826122]}, "CCM With Shortcut, Alpha=10 - Test": {"epochs": [1, 2, 3, 4, 5, 6, 7, 8, 9, 10], "losses": [0.6747476203101022, 0.6636892301695687, 0.6391770073345729, 0.7178978238786969, 0.6981220500809806, 0.6445325527872358, 0.701845007283347, 0.6634132095745632, 0.6439617701939174, 0.6756282278469631]}}