{"Correlate_with_Known, Shift=0, Alpha=10": {"train_losses": [1.2863809894770384, 0.6841112161055207, 0.6793192373588681, 0.6706339959055185, 0.6669516190886497, 0.6765870442613959, 0.6658901749178767, 0.6691801799461246, 0.6743267849087715, 0.6692724609747529, 0.6657882146537304, 0.6737655447795987, 0.6694206800311804, 0.6689623640850186, 0.6787196826189756, 0.6711410619318485, 0.6678774384781718, 0.6733306646347046, 0.6694344952702522, 0.6672414354979992, 0.672827604226768, 0.6673465454950929, 0.6697451388463378, 0.678213644772768, 0.6713197957724333, 0.6663761809468269, 0.6757588516920805, 0.6693581137806177, 0.6676392229273915, 0.675048353150487], "test_losses": [0.28520804923027754, 0.30219301395118237, 0.29543421138077974, 0.29915960785001516, 0.30062301084399223, 0.2963723000138998, 0.2986225076019764, 0.29780205618590117, 0.2963698795065284, 0.3044063332490623, 0.29699573013931513, 0.2967876857146621, 0.2976885102689266, 0.29654412576928735, 0.2981442278251052, 0.297943358309567, 0.29947959817945957, 0.29847633512690663, 0.29896015115082264, 0.2979985233396292, 0.30282840318977833, 0.29593047965317965, 0.30203679157420993, 0.2968862340785563, 0.30756969191133976, 0.2929368638433516, 0.301861388143152, 0.29752311762422323, 0.3032791716977954, 0.29890667321160436]}, "Correlate_with_Known, Shift=1, Alpha=10": {"train_losses": [2.625902023166418, 1.2009653318673372, 1.1721612503752112, 1.0608198549598455, 1.1009948393329978, 1.1830830480903387, 1.1863441606983542, 1.114843400195241, 1.0949967205524445, 1.1250931732356548, 1.1887161759659648, 1.1716511752456427, 1.0577351991087198, 1.1018766472116113, 1.177406090311706, 1.1872280519455671, 1.1137159783393145, 1.0937153389677405, 1.1251794248819351, 1.1906604012474418, 1.1713380040600896, 1.0602896511554718, 1.104745652526617, 1.1803990434855223, 1.1877605421468616, 1.1134848641231656, 1.0937101868912578, 1.1243664994835854, 1.1884352192282677, 1.1746391421183944], "test_losses": [0.35671990271657705, 0.36225412879139185, 0.3610963327810168, 0.36010692827403545, 0.3634565779939294, 0.359529766254127, 0.3629797976464033, 0.3627764079719782, 0.36196838691830635, 0.3638212224468589, 0.3631435902789235, 0.3588488819077611, 0.35812635719776154, 0.355035119690001, 0.3558468292467296, 0.3648362699896097, 0.3596482602879405, 0.35984657891094685, 0.3628448797389865, 0.36136858630925417, 0.36620688810944557, 0.3656616238877177, 0.3608508761972189, 0.36508478224277496, 0.3650920260697603, 0.36340008582919836, 0.3649233542382717, 0.35969058237969875, 0.3647416140884161, 0.3644119193777442]}, "Correlate_with_Known, Shift=2, Alpha=10": {"train_losses": [2.6071885246783495, 1.1869885753840208, 1.1584613099694252, 1.0495297107845545, 1.0899658501148224, 1.172529430128634, 1.1745975818485022, 1.1014922941103578, 1.0791823202744126, 1.1123984334990382, 1.177068779245019, 1.158917859196663, 1.045534578152001, 1.0912961158901453, 1.1674579586833715, 1.1731981616467237, 1.1042758086696267, 1.0801290711387992, 1.1116942204535007, 1.1771827237680554, 1.1540589993819594, 1.0501285251230001, 1.0882671512663364, 1.1624925266951323, 1.1743993442505598, 1.104029812850058, 1.080452961847186, 1.1114822402596474, 1.1750111328437924, 1.1564652817323804], "test_losses": [0.39021249674260616, 0.38828044291585684, 0.39041010197252035, 0.39349646493792534, 0.3907843492925167, 0.39277065452188253, 0.3866652259603143, 0.38873224426060915, 0.3919465597718954, 0.39129641465842724, 0.3901834562420845, 0.39054134860634804, 0.3905617445707321, 0.3872871482744813, 0.3899559434503317, 0.3899462940171361, 0.3875451451167464, 0.38940853253006935, 0.3914022957906127, 0.38939447794109583, 0.39217881578952074, 0.3897567354142666, 0.3880206188187003, 0.3919153278693557, 0.3895743992179632, 0.3896461930125952, 0.3911196831613779, 0.38943913113325834, 0.3909440953284502, 0.39087407384067774]}, "Correlate_with_Known, Shift=3, Alpha=10": {"train_losses": [2.624564674682915, 1.2015775702893734, 1.1688178535550833, 1.0593391824513674, 1.1012444803491235, 1.180208713747561, 1.1833902969956398, 1.11813432443887, 1.0977729633450508, 1.123688193038106, 1.1896635321900249, 1.170662865974009, 1.0569586046040058, 1.0981243215501308, 1.1800328884273767, 1.1847494449466467, 1.1130183013156056, 1.0972891468554735, 1.12400047108531, 1.1887568235397339, 1.172528508119285, 1.0621810080483556, 1.10300447139889, 1.1820835713297129, 1.1869384665042162, 1.1154038477689028, 1.0965272700414062, 1.1260723154991865, 1.1859850864857435, 1.1752302711829543], "test_losses": [0.4046055283397436, 0.40458077751100063, 0.4052923107519746, 0.40335623640567064, 0.4042185740545392, 0.4034161865711212, 0.4051682250574231, 0.40139313135296106, 0.403002941980958, 0.403795026242733, 0.40356111433357, 0.4048461737111211, 0.40429535787552595, 0.40323690418154, 0.404390093870461, 0.4038861943408847, 0.4038687953725457, 0.40442483965307474, 0.40245647821575403, 0.4019363075494766, 0.4005762189626694, 0.4057172806933522, 0.40526705235242844, 0.4053332908079028, 0.4069261085242033, 0.40440145321190357, 0.4033027505502105, 0.4051969377323985, 0.401697238907218, 0.40506440214812756]}}