{"Correlate_with_Unknown, Shift=0, Alpha=10": {"train_losses": [1.5833847066387534, 1.1864512600004673, 1.1818521032109857, 1.1096000177785754, 1.0890854261815548, 1.1209567040205002, 1.1800875347107649, 1.1786940060555935, 1.0564165888354182, 1.1046925149857998, 1.1836707815527916, 1.1909421114251018, 1.1167542170733213, 1.0994080286473036, 1.1328159365803003, 1.1933957412838936, 1.179203936830163, 1.0624986421316862, 1.109510068781674, 1.1845580032095313, 1.1886147810146213, 1.120001724921167, 1.096788707189262, 1.1280757058411837, 1.1951087825000286, 1.17403678689152, 1.0649472074583173, 1.1070986529812217, 1.1834575477987528, 1.1933610942214727], "test_losses": [0.4033685615286231, 0.4015856636688113, 0.40395051147788763, 0.4021615395322442, 0.40267528779804707, 0.4020076785236597, 0.4027236634865403, 0.4038690971210599, 0.4016781635582447, 0.4041094509884715, 0.40316414926201105, 0.4042461924254894, 0.4023521635681391, 0.4051723536103964, 0.4020070740953088, 0.40481983590871096, 0.40226281620562077, 0.40405890345573425, 0.40547144040465355, 0.40401524491608143, 0.4021459314972162, 0.4038555854931474, 0.4030153192579746, 0.402580626308918, 0.40378461964428425, 0.4027912179008126, 0.4033222133293748, 0.4021084504202008, 0.40195666346699, 0.40404324419796467]}, "Correlate_with_Unknown, Shift=1, Alpha=10": {"train_losses": [1.5674319453537464, 1.213177208788693, 1.2025837739929557, 1.1322110164910555, 1.1096100378781557, 1.1406428208574653, 1.2054486889392138, 1.1872767005115747, 1.0775641314685345, 1.1141455341130495, 1.1962293349206448, 1.203030040487647, 1.1317242672666907, 1.1089985873550177, 1.1413133591413498, 1.2023047925904393, 1.1841794773936272, 1.0759731410071254, 1.119023147970438, 1.1946836523711681, 1.2031718455255032, 1.1312349494546652, 1.1102060172706842, 1.1416972884908319, 1.200823113322258, 1.1868386697024107, 1.0750965168699622, 1.119140787050128, 1.1944986190646887, 1.201261643320322], "test_losses": [0.4126994274556637, 0.4093065606430173, 0.4120299369096756, 0.4108688635751605, 0.41130100190639496, 0.41269383672624826, 0.41108117904514074, 0.4124761475250125, 0.41133413556963205, 0.41028010100126266, 0.4135562311857939, 0.41032875142991543, 0.40825403202325106, 0.4093241123482585, 0.41189295798540115, 0.41069439332932234, 0.4116798471659422, 0.40989296417683363, 0.4119125893339515, 0.4105619126930833, 0.4125896170735359, 0.41119430866092443, 0.41094399243593216, 0.41011405270546675, 0.41103231254965067, 0.41263076663017273, 0.40943268220871687, 0.4105288255959749, 0.4118776014074683, 0.40883981343358755]}, "Correlate_with_Unknown, Shift=2, Alpha=10": {"train_losses": [1.568484291434288, 1.2095629191026092, 1.2021940192207694, 1.1331168822944164, 1.1076454604044557, 1.1420859899371862, 1.2061696434393525, 1.1897937394678593, 1.0754980640485883, 1.115691072307527, 1.1967080142349005, 1.201994052156806, 1.1341439876705408, 1.1122897071763873, 1.1398260537534952, 1.203080628067255, 1.1893158433958888, 1.0802513398230076, 1.1178867667913437, 1.1946718348190188, 1.2057021548971534, 1.1341806799173355, 1.112075156532228, 1.1408899249508977, 1.2061398755759, 1.186817528679967, 1.074567249044776, 1.1196111235767603, 1.1961529161781073, 1.2014223393052816], "test_losses": [0.39996980410069227, 0.401719955727458, 0.40319077484309673, 0.39945064578205347, 0.4021383970975876, 0.4028561906889081, 0.4014118704944849, 0.40136171504855156, 0.40197899006307125, 0.40054579824209213, 0.3996375994756818, 0.4019789472222328, 0.40283724665641785, 0.4017669325694442, 0.40555677004158497, 0.4012154955416918, 0.40280975960195065, 0.40116275288164616, 0.40196932200342417, 0.4023175509646535, 0.40103732515126467, 0.40001681353896856, 0.40310483891516924, 0.4011545283719897, 0.4026112435385585, 0.4001077152788639, 0.4030961710959673, 0.4017713498324156, 0.4030937412753701, 0.4033673657104373]}, "Correlate_with_Unknown, Shift=3, Alpha=10": {"train_losses": [1.5741470279172063, 0.9838296920061111, 0.7250441899523139, 0.7279659966006875, 0.7350853653624654, 0.7293318547308445, 0.7299610450863838, 0.7372500598430634, 0.7319944966584444, 0.7285927701741457, 0.7364746928215027, 0.730877285823226, 0.7264351565390825, 0.7371210735291243, 0.731175503693521, 0.7317999405786395, 0.739509429782629, 0.7316892482340336, 0.7313181376084685, 0.7407128484919667, 0.7326867002993822, 0.97494344599545, 1.0622088685631752, 1.2109724581241608, 1.1590073490515351, 0.7474989285692573, 0.7503220401704311, 0.7513588890433311, 0.7488849125802517, 0.7474566008895636], "test_losses": [0.40678500290960073, 0.4076799536123872, 0.4097890742123127, 0.40819995757192373, 0.4046688163653016, 0.4087416008114815, 0.40565939899533987, 0.4076055893674493, 0.40809500124305487, 0.40835003461688757, 0.4088346688076854, 0.40791576635092497, 0.40603731479495764, 0.407122946344316, 0.4065190842375159, 0.41159926261752844, 0.40866554621607065, 0.4077699491754174, 0.408182798884809, 0.4084871746599674, 0.4077347321435809, 0.4089137287810445, 0.4095564419403672, 0.4077384863048792, 0.40726407431066036, 0.4100934034213424, 0.4089857488870621, 0.40831111278384924, 0.40736039634793997, 0.4078087583184242]}}